,Client,ActBal_CC,TransactionsDeb,TransactionsCred,Count_MF,Sex_F,VolumeDeb_CA,ActBal_MF,TransactionsDebCashless_Card,VolumeCred_CA,VolumeDeb_PaymentOrder,ActBal_CL,VolumeCred,Sex_M,TransactionsDeb_CA,VolumeDeb,Predicted_revenue
0,1217,-0.19049600623940308,-0.9467787022042593,-0.7276359118629011,-0.17365097364395896,0,-0.10820334030581412,-0.21611808231326896,-0.6763634142627257,-0.8993027978921884,0.929591223192457,-0.22111331809394075,-0.8705083604730769,1,-1.0183494261420283,-0.19069828696231692,11.283204549706651
1,1038,-0.19049600623940308,-1.01028215174235,-0.7276359118629011,-0.17365097364395896,0,-0.9730167293457558,-0.21611808231326896,-0.6763634142627257,-0.8992985712806026,-0.7004394209031,-0.22111331809394075,-0.8705046576032099,1,-1.0996400189400133,-0.8953846146063703,11.66744554159068
2,1219,-0.19049600623940308,-0.1847373077471725,-0.5660478560656216,-0.17365097364395896,0,-0.5268681500739403,-0.21611808231326896,-0.28751336773537467,-0.5256334469232822,-0.13832335328674714,-0.22111331809394075,-0.5431423482787455,1,-0.042862312566210196,-0.5318439850380796,11.16919058364308
3,461,-0.19049600623940308,0.13277993994328033,-0.08128368867378302,-0.17365097364395896,1,0.952782155870475,-0.21611808231326896,-0.28751336773537467,0.6755465114908772,0.9425499668130165,-0.22111331809394075,0.5093018001631255,0,0.36359065142371405,0.6738373255286942,12.039371723747125
4,1048,-0.19049600623940308,-0.8197718031280782,-0.5660478560656216,-0.17365097364395896,1,-0.31770438380074,-0.21611808231326896,-0.6763634142627257,-0.11470305668957828,-0.7004394209031,-0.22111331809394075,-0.18313250858637503,0,-0.8557682405460587,-0.3614085498340889,12.568632421657522
5,191,-0.19049600623940308,0.1962833894813709,-0.24287174447106255,-0.17365097364395896,0,0.2321651568788863,-0.21611808231326896,-0.0282800033838073,0.17514067517474788,1.1024543429681466,-0.22111331809394075,0.07079515878563561,1,0.4448812442216989,0.0866482820970275,10.931915221352575
6,689,-0.19049600623940308,-0.6927649040518971,-0.40445980026834205,-0.17365097364395896,1,0.1266670039565983,-0.21611808231326896,-0.28751336773537467,0.25340753156928353,-0.7004394209031,-0.22111331809394075,0.1393635564838391,0,-0.6931870549500889,0.0006839493308932255,12.798544584077126
7,186,-0.19049600623940308,1.1488351325527295,2.827301315677248,-0.17365097364395896,0,0.5329775220555945,-0.21611808231326896,-0.157896685559591,0.5465107494410273,-0.15389014593785974,6.1726206733817826,0.938121733968652,1,0.36359065142371405,0.9640137662122904,11.774642675184008
8,363,-0.19049600623940308,-0.6292614545138064,-0.5660478560656216,-0.17365097364395896,0,-0.40556942412719804,-0.21611808231326896,-0.157896685559591,-0.4226370703781662,-0.6596886548007111,-0.22111331809394075,-0.45290879561350145,1,-0.6118964621521041,-0.4330046807227247,11.805413584604091
9,308,-0.19049600623940308,-0.24824075728526307,-0.40445980026834205,-0.17365097364395896,1,-0.6094059399239123,-0.21611808231326896,-0.546746732086942,-0.7394611851811725,-0.4637589713804251,-0.22111331809394075,-0.7304735644689748,0,-0.12415290536419504,-0.5990992481484281,11.597622920108106
10,328,-0.19049600623940308,-0.9467787022042593,-0.5660478560656216,-0.17365097364395896,1,-0.970638492525896,-0.21611808231326896,-0.6763634142627257,0.6160246774789715,-0.7004394209031,-0.22111331809394075,0.45704690060060754,0,-1.0183494261420283,-0.8934467272053492,12.605317734206377
11,1381,-0.19049600623940308,-0.6292614545138064,-0.40445980026834205,-0.17365097364395896,0,-0.9039181395614644,-0.21611808231326896,-0.0282800033838073,-0.28432120623576146,-0.7004394209031,-0.22111331809394075,-0.33173237921728543,1,-0.6118964621521041,-0.8390801770276104,11.559810737794605
12,932,-0.19049600623940308,-0.6292614545138064,-0.5660478560656216,1.1679334715652223,1,-0.8224150989314787,1.3515575803011044,-0.6763634142627257,-0.8992935761941833,-0.4223667882195846,-0.22111331809394075,-0.8703343255893299,0,-0.6118964621521041,-0.7726680711082881,10.646691083516012
13,1274,-0.19049600623940308,-0.31174420682335363,-0.08128368867378302,0.9762785508210536,0,2.0534625866036977,-0.21611808231326896,-0.4171300499111584,0.16962802095472962,4.571731694359569,-0.22111331809394075,0.06596560660552168,1,-0.20544349816217988,1.5707180404585674,10.084793933597624
14,204,-0.19049600623940308,-0.6292614545138064,-0.5660478560656216,-0.17365097364395896,1,-0.4920507630311922,-0.21611808231326896,-0.6763634142627257,-0.5235366633393526,-0.6124177661219399,-0.22111331809394075,-0.5413053882002008,0,-0.6118964621521041,-0.5034733134871301,12.125162724622182
15,550,-0.19049600623940308,-0.43875110589953475,-0.5660478560656216,-0.17365097364395896,1,0.1118181580667825,-0.21611808231326896,-0.6763634142627257,0.05456966341882714,0.5927453905901101,-0.22111331809394075,-0.03483526341095518,0,-0.36802468375814956,-0.01141551491475519,11.983359908024703
16,1116,2.002534287749258,2.8634282700811746,2.665713259879969,-0.17365097364395896,0,1.0530555387028782,-0.21611808231326896,1.915970229252948,0.5823731645083713,0.3658451249320086,7.214241189133571,0.6224564539293759,1,2.8023084353632592,1.006923173732028,9.425003046110662
17,469,-0.19049600623940308,-0.1847373077471725,-0.08128368867378302,-0.17365097364395896,0,0.9035375194650682,-0.21611808231326896,-0.6763634142627257,0.6972878172503597,1.1022114684021764,-0.22111331809394075,0.5282402964099513,1,-0.042862312566210196,0.6337107243168227,11.885351973895588
18,262,-0.19049600623940308,-0.1847373077471725,-0.5660478560656216,-0.17365097364395896,1,-0.3593754169516296,-0.21611808231326896,-0.546746732086942,0.14827517922371583,0.2521504875063435,-0.22111331809394075,0.04725870803764756,0,-0.042862312566210196,-0.3953638605316176,11.745994038128337
19,1572,-0.17194904074500464,0.9583247839384577,-0.40445980026834205,0.0180039471002098,1,0.9267715959750153,5.1564492902354395,2.564053640131866,2.257070024805198,0.2555735518589442,-0.22111331809394075,1.898671087673148,0,1.420368357797517,0.652642827195308,10.32439206610465
20,661,-0.19049600623940308,-0.3752476563614442,-0.40445980026834205,-0.17365097364395896,1,-0.805709498695394,-0.21611808231326896,0.23095336096776006,-0.51506614948417,0.11457590114467854,-0.22111331809394075,-0.5312130480655388,0,-0.36802468375814956,-0.40671248149516126,11.298017812918202
21,1142,-0.19049600623940308,-1.01028215174235,-0.7276359118629011,0.0180039471002098,1,-0.9730167293457558,-0.13224227492451035,-0.6763634142627257,-0.8993051033166897,-0.7004394209031,-0.22111331809394075,-0.8606422320248328,0,-1.0996400189400133,-0.8953846146063703,11.89905417784385
22,1379,-0.19049600623940308,0.3867937380956426,-0.40445980026834205,-0.17365097364395896,1,-0.1448329438052955,-0.21611808231326896,0.6198034074951111,-0.0825927199980953,0.5031752066970593,-0.22111331809394075,-0.15500113295802487,0,0.6887530226156534,-0.22054562871284472,11.019708275579323
23,536,-0.19049600623940308,-0.8832752526661687,-0.40445980026834205,-0.17365097364395896,0,-0.748251729534275,-0.21611808231326896,-0.6763634142627257,-0.7187876752032076,-0.28176604996715615,-0.22111331809394075,-0.7123618180760809,1,-0.9370588333440435,-0.7122366380516809,11.533460829364145
24,761,-0.19049600623940308,0.32329028855755204,0.24189242292077603,-0.17365097364395896,1,-0.27891707089560414,-0.21611808231326896,0.49018672531932744,-0.11238495235352411,0.15720120248777725,-0.22111331809394075,-0.08002374076918284,0,0.5261718370196837,-0.18886575016727872,11.153909308499472
25,1034,-0.19049600623940308,-0.43875110589953475,-0.5660478560656216,-0.17365097364395896,0,-0.9207387599782912,-0.21611808231326896,-0.0282800033838073,-0.833983973971771,-0.6596886548007111,-0.22111331809394075,-0.813283536300034,1,-0.36802468375814956,-0.8527863261002873,11.18930046594943
26,247,-0.19049600623940308,0.3867937380956426,0.8882446461098942,-0.17365097364395896,1,0.5170999806395156,-0.21611808231326896,-0.28751336773537467,1.6618025022967797,0.2365021933230261,-0.22111331809394075,3.073178321532104,0,0.36359065142371405,0.3211506271219412,12.833182821231196
27,253,7.903399735516079,-0.12123385820908193,0.24189242292077603,-0.17365097364395896,0,1.0300640423485568,-0.21611808231326896,-0.6763634142627257,0.6441508563947962,0.5224095682973869,-0.22111331809394075,0.4839405078197936,1,-0.2867340909601647,0.7391353223640114,9.50711400123808
28,1542,-0.18307722004164367,-0.8197718031280782,0.0803043671234965,-0.17365097364395896,1,-0.9721519159567158,-0.21611808231326896,-0.6763634142627257,-0.41263306499220426,-0.6988093902590043,-0.22111331809394075,-0.4321801300982679,0,-1.0183494261420283,-0.8932705556234382,12.026445462926471
29,631,-0.19049600623940308,-0.8197718031280782,-0.5660478560656216,-0.17365097364395896,1,-0.6902659917991469,-0.21611808231326896,-0.6763634142627257,-0.6476295952584216,-0.1719834860873204,-0.22111331809394075,-0.6500213108695682,0,-0.8557682405460587,-0.6649874197831471,11.857849923373577
30,1477,-0.19049600623940308,0.1962833894813709,-0.40445980026834205,-0.17365097364395896,1,-0.4884012505294437,-0.21611808231326896,0.36057004314354374,-0.5404984398702292,-0.2898347016554292,-0.22111331809394075,-0.5546656793047203,0,0.4448812442216989,-0.5004995371844722,11.202148026625801
31,238,-0.19049600623940308,-0.24824075728526307,-0.40445980026834205,-0.17365097364395896,0,-0.3781851081632484,-0.21611808231326896,-0.4171300499111584,-0.45554469970968114,-0.5442824851987456,-0.22111331809394075,-0.48173866714857333,1,-0.12415290536419504,-0.4106907881578758,11.532695435900774
32,457,-0.19049600623940308,0.7043109857860954,1.8577729808935712,-0.17365097364395896,1,1.4536146153580642,-0.21611808231326896,-0.0282800033838073,1.257004156999109,0.06591948641842607,-0.22111331809394075,1.919039228313153,0,0.20100946582774434,1.7719894923307704,12.927236370066032
33,370,-0.19049600623940308,-0.9467787022042593,-0.7276359118629011,-0.17365097364395896,0,-0.970638492525896,-0.21611808231326896,-0.6763634142627257,-0.899303950604439,-0.7004394209031,-0.22111331809394075,-0.8705093703466771,1,-1.0183494261420283,-0.8934467272053492,11.628208771196423
34,1556,-0.3512685219310465,-0.7562683535899876,-0.40445980026834205,-0.17365097364395896,0,-0.3964024022033747,-0.21611808231326896,-0.6763634142627257,-0.3229462883304933,0.3863835110476126,-0.22111331809394075,-0.3655712238087521,1,-0.7744776477480738,-0.42553500564969776,11.53795808523472
35,981,-0.19049600623940308,-0.9467787022042593,-0.7276359118629011,-0.17365097364395896,0,-0.9557204615649568,-0.21611808231326896,-0.6763634142627257,-0.8993047190792728,-0.7004394209031,-0.22111331809394075,-0.8705100435957437,1,-1.0183494261420283,-0.8812908880534892,11.636555494689182
36,79,-0.19049600623940308,-1.01028215174235,-0.40445980026834205,0.0180039471002098,1,-0.9730167293457558,3.318983128457071,-0.6763634142627257,-0.8993047190792728,-0.7004394209031,-0.22111331809394075,-0.8230544000053374,0,-1.0996400189400133,-0.8953846146063703,10.826496141447427
37,1045,-0.19049600623940308,-0.5657580049757159,-0.40445980026834205,-0.17365097364395896,0,-0.4127862918587364,-0.21611808231326896,-0.6763634142627257,-0.7840215826544938,-0.13644881804603728,-0.22111331809394075,-0.7695122482272513,1,-0.5306058693541192,-0.4388852881269143,11.415913949988731
38,943,-0.17825500901310012,-0.05773040867099137,-0.5660478560656216,-0.17365097364395896,1,-0.7165766419406034,-0.21611808231326896,0.7494200896708948,-0.6777111583887631,-0.5705341287219046,-0.22111331809394075,-0.6763753089617783,0,0.11971887302975949,-0.6864264442722259,11.26054993256101
39,1423,-0.19049600623940308,-0.8197718031280782,-0.5660478560656216,-0.17365097364395896,0,-0.3093589345965046,-0.21611808231326896,-0.6763634142627257,-0.23199729175432227,-0.6765594719671,-0.22111331809394075,-0.28589219676247307,1,-0.8557682405460587,-0.3546083267723238,12.175335654758696
40,1311,-0.19049600623940308,0.06927649040518975,-0.40445980026834205,-0.17365097364395896,1,-0.08113035716191891,-0.21611808231326896,-0.28751336773537467,-0.05397318023899286,0.5639753497218235,-0.22111331809394075,-0.12992799121524892,0,0.2823000586257292,-0.16863808147541998,11.418572808238174
41,819,-0.16712682971646103,-0.24824075728526307,-0.08128368867378302,-0.17365097364395896,0,-0.5164112589803639,-0.21611808231326896,-0.0282800033838073,-0.010329573242354156,-0.5944874290368888,2.570333192117607,-0.004587192716838252,1,-0.36802468375814956,-0.5145146912118209,11.762612348025913
42,1352,-0.19049600623940308,-0.8197718031280782,-0.5660478560656216,-0.17365097364395896,1,-0.8801963083000988,-0.21611808231326896,-0.4171300499111584,-0.7571361063577838,-0.7004394209031,-0.22111331809394075,-0.7459582930035284,0,-0.8557682405460587,-0.8197506310603341,11.920729619247382
43,436,-0.19049600623940308,0.06927649040518975,0.0803043671234965,-0.17365097364395896,0,0.40298785395569525,-0.21611808231326896,-0.4171300499111584,0.3978811845546528,0.2581000993572922,-0.22111331809394075,0.2659347176516802,1,0.2823000586257292,0.22584180130808296,11.666372479877388
44,393,-0.19049600623940308,-0.43875110589953475,-0.40445980026834205,-0.17365097364395896,0,3.787262089285699,-0.21611808231326896,-0.6763634142627257,2.635701417775729,-0.46408497750924427,-0.22111331809394075,2.226454850913379,1,-0.36802468375814956,2.983490807277557,15.352899692799273
45,1532,-0.19049600623940308,-0.12123385820908193,-0.24287174447106255,0.20965886784437857,0,0.8433793704966721,-0.21611808231326896,-0.0282800033838073,1.5598262760934871,2.187648874305408,-0.22111331809394075,1.283897068643367,1,0.03842828023177465,0.5846913339932474,11.373561131797997
46,1019,-0.19049600623940308,2.101386875624088,-0.5660478560656216,-0.17365097364395896,1,-0.09409045061007129,-0.21611808231326896,2.564053640131866,-0.21674114511698864,-0.1308252123239076,-0.22111331809394075,-0.2725265196654198,0,2.883599028161244,-0.1791985107814936,9.855556852839358
47,971,-0.19049600623940308,-0.1847373077471725,-0.5660478560656216,-0.17365097364395896,0,-0.6204595522559263,-0.21611808231326896,0.49018672531932744,-0.5374840973347831,-0.4526054866982013,-0.22111331809394075,-0.5535245221366305,1,-0.042862312566210196,-0.6081061964452105,11.118011767531296
48,1439,-0.19049600623940308,-0.12123385820908193,-0.40445980026834205,-0.17365097364395896,1,0.5195828598794493,-0.21611808231326896,0.23095336096776006,0.1448589243502104,1.4544627206218703,-0.22111331809394075,0.044265779311545045,0,0.03842828023177465,0.3208483166873819,11.4094892746564
49,1015,-0.19049600623940308,0.9583247839384577,-0.40445980026834205,-0.17365097364395896,0,1.3739462763329267,-0.21611808231326896,0.7494200896708948,-0.7523012469411469,2.178646215058068,-0.22111331809394075,-0.7414448312602394,1,1.420368357797517,1.0170195670913482,9.999908324852438
50,256,-0.19049600623940308,-0.12123385820908193,-0.24287174447106255,-0.17365097364395896,1,-0.23179511895359572,-0.21611808231326896,0.23095336096776006,0.6537110675642583,-0.7004394209031,-0.22111331809394075,0.5367090964202186,0,0.03842828023177465,-0.29140606707542005,12.29633602266791
51,1285,-0.19049600623940308,-0.24824075728526307,-0.5660478560656216,-0.17365097364395896,0,-0.2823923234994612,-0.21611808231326896,0.36057004314354374,-0.30519682509500684,0.37375077355587205,-0.22111331809394075,-0.3500211901147267,1,-0.12415290536419504,-0.33263479770372695,11.055730596092443
52,1084,-0.19049600623940308,-0.05773040867099137,-0.5660478560656216,-0.17365097364395896,0,-0.08686925881158784,-0.21611808231326896,0.23095336096776006,-0.626469256473266,-0.7004394209031,-0.22111331809394075,-0.6314830611929073,1,0.11971887302975949,-0.17331437994566581,11.473244169518031
53,998,2.3294690673052174,0.7678144353241859,0.40348047871805554,-0.17365097364395896,0,0.9146849640497929,-0.21611808231326896,0.10133667879197639,0.3473643386448137,1.9528185095637813,-0.22111331809394075,0.6419998644626492,1,0.36359065142371405,0.8028460132463102,9.99129646320433
54,638,-0.19049600623940308,-0.43875110589953475,-0.5660478560656216,-0.17365097364395896,0,0.09967185401771667,-0.21611808231326896,-0.157896685559591,-0.2615021145219227,-0.6464854065835369,-0.22111331809394075,-0.31174092143011006,1,-0.36802468375814956,-0.021312834386515794,12.030472314245655
55,711,-0.19049600623940308,-0.7562683535899876,-0.40445980026834205,-0.17365097364395896,1,-0.11951509943445658,-0.21611808231326896,-0.546746732086942,-0.47318350256910535,-0.7004394209031,-0.22111331809394075,-0.49719175297699114,0,-0.7744776477480738,-0.19991558412790117,12.43334608850407
56,1294,-0.19049600623940308,0.3867937380956426,2.0193610366908508,-0.17365097364395896,1,1.5658332331265814,-0.21611808231326896,-0.4171300499111584,1.2798743522893934,-0.6107877354778444,-0.22111331809394075,1.6841493614253091,0,-0.042862312566210196,1.748908196355117,13.469491349833389
57,736,-0.19049600623940308,2.0378834260859975,-0.24287174447106255,-0.17365097364395896,1,5.036720258995713,-0.21611808231326896,2.69367032230765,2.750155369854875,2.2037861776819536,-0.22111331809394075,2.326726210538881,0,2.8023084353632592,4.001601882240511,12.813702642872162
58,722,-0.19049600623940308,-0.8197718031280782,-0.40445980026834205,0.9762785508210536,1,-0.45278823516877886,1.2232330745849913,-0.6763634142627257,-0.8992970343309351,-0.7004394209031,-0.22111331809394075,-0.5551645568631597,0,-0.8557682405460587,-0.47148055421209,11.296439199119385
59,636,-0.2708674265128293,-0.1847373077471725,0.5650685345153351,-0.17365097364395896,0,0.7015084636514473,-0.21611808231326896,-0.28751336773537467,0.46270933729371083,0.5783196193898645,-0.22111331809394075,0.327976975521636,1,-0.36802468375814956,0.4714144161971207,11.887666737776307
60,1236,-0.19049600623940308,-1.01028215174235,-0.7276359118629011,-0.17365097364395896,0,-0.9730167293457558,-0.21611808231326896,-0.6763634142627257,-0.8993051033166897,-0.7004394209031,-0.22111331809394075,-0.8630682850367574,1,-1.0996400189400133,-0.8953846146063703,11.669426438141844
61,1523,-0.19049600623940308,-0.31174420682335363,0.0803043671234965,-0.17365097364395896,0,0.9089512512804582,-0.21611808231326896,-0.6763634142627257,0.773745299648794,1.779244696427266,-0.22111331809394075,0.5952235291805632,1,-0.20544349816217988,0.6381220607278745,11.63669552854265
62,264,-0.19049600623940308,-0.7562683535899876,-0.5660478560656216,-0.17365097364395896,1,0.6307797006288158,-0.21611808231326896,-0.6763634142627257,0.2535128126215096,1.744606545240235,-0.22111331809394075,0.13945579160597985,0,-0.7744776477480738,0.41145618000952655,11.979126141493923
63,346,-0.19049600623940308,0.2597868390194614,-0.08128368867378302,-0.17365097364395896,0,1.3897831715197204,-0.21611808231326896,0.10133667879197639,-0.038103790684314263,3.0459415099539227,-0.22111331809394075,-0.11602506136295337,1,0.5261718370196837,1.02992413546633,10.410532510574704
64,1361,-0.19049600623940308,-0.9467787022042593,-0.7276359118629011,-0.17365097364395896,1,-0.970638492525896,-0.21611808231326896,-0.6763634142627257,-0.8993004924676871,-0.7004394209031,-0.22111331809394075,-0.8705063407258767,0,-1.0183494261420283,-0.8934467272053492,11.962544449430526
65,755,-0.19049600623940308,-0.6292614545138064,-0.5660478560656216,1.9345531545418975,0,-0.23719025728112147,1.388415553382089,-0.6763634142627257,-0.23234733204110253,-0.3838874698197428,-0.22111331809394075,-0.2861988617123639,1,-0.6118964621521041,-0.29580225273042754,10.581452195435343
66,40,-0.19049600623940308,-0.9467787022042593,-0.7276359118629011,-0.17365097364395896,0,-0.9511801912724972,-0.21611808231326896,-0.6763634142627257,-0.899303950604439,-0.6592811471396872,-0.22111331809394075,-0.8705093703466771,1,-1.0183494261420283,-0.8775912848333579,11.618200310889373
67,1023,-0.19049600623940308,0.5138006371718237,-0.5660478560656216,-0.17365097364395896,1,0.07915112951588237,-0.21611808231326896,0.7494200896708948,-0.5150611543977505,0.32281231592788595,-0.22111331809394075,-0.533880124243349,0,0.8513342082116231,-0.03803398391201775,10.96269539431219
68,771,-0.19049600623940308,-0.6927649040518971,-0.5660478560656216,0.20965886784437857,1,-0.5515066835276882,-0.21611808231326896,-0.6763634142627257,-0.46587492266257663,-0.36017052394815247,-0.22111331809394075,-0.49078881772795313,0,-0.6931870549500889,-0.5519204985126588,11.869427640339666
69,680,-0.19049600623940308,-0.6927649040518971,-0.5660478560656216,-0.17365097364395896,0,-0.7708665996576693,-0.21611808231326896,-0.6763634142627257,-0.2458321441866063,-0.6515385015802332,-0.22111331809394075,-0.29801269971062827,1,-0.6931870549500889,-0.7306641855195728,11.817200364247233
70,486,-0.19049600623940308,-0.9467787022042593,-0.7276359118629011,-0.17365097364395896,0,-0.9663144255806961,-0.21611808231326896,-0.6763634142627257,-0.8992347878694001,-0.7004394209031,-0.22111331809394075,-0.8704487779306723,1,-1.0183494261420283,-0.8899232955671288,11.630658581134183
71,930,-0.19049600623940308,-0.9467787022042593,-0.5660478560656216,-0.17365097364395896,1,-0.970638492525896,-0.21611808231326896,-0.6763634142627257,-0.8992735958485053,-0.7004394209031,-0.22111331809394075,-0.8689481057609539,0,-1.0183494261420283,-0.8934467272053492,11.940301906867896
72,687,-0.19049600623940308,0.2597868390194614,-0.08128368867378302,-0.17365097364395896,1,0.4786983745058915,-0.21611808231326896,0.36057004314354374,1.909089250579412,1.5554414889929462,-0.22111331809394075,1.5898810271032138,0,0.5261718370196837,0.2875339182048454,11.795841609556197
73,1401,-0.19049600623940308,0.06927649040518975,0.40348047871805554,-0.17365097364395896,0,4.132452353520991,-0.21611808231326896,-0.4171300499111584,1.747790225346159,4.8778514493207155,-0.22111331809394075,1.4586301116726041,1,0.2823000586257292,3.2647663549566808,11.957830871603413
74,773,-0.19049600623940308,-0.43875110589953475,-0.7276359118629011,-0.17365097364395896,1,0.15824696207747527,-0.21611808231326896,-0.157896685559591,-0.8993024136547715,-0.7004394209031,-0.22111331809394075,-0.8705080238485435,0,-0.36802468375814956,0.02641662761430725,12.167554344871117
75,589,-0.19049600623940308,-0.5657580049757159,0.0803043671234965,-0.17365097364395896,0,0.37730289630120895,-0.21611808231326896,-0.6763634142627257,1.0413197835428407,1.8446904267877022,-0.22111331809394075,0.8494268920453957,1,-0.5306058693541192,0.2049126173770545,11.59103311513962
76,1022,10.769139596165868,1.1488351325527295,0.40348047871805554,-0.17365097364395896,0,-0.1099710188730118,-0.21611808231326896,2.175203593604515,-0.13294203839417354,-0.42463823592213173,-0.22111331809394075,0.06628472666314693,1,-0.2867340909601647,0.043221987155962746,7.207903530055746
77,623,-0.19049600623940308,0.6408075362480048,-0.08128368867378302,-0.17365097364395896,1,4.4468889888286345,-0.21611808231326896,1.397503500549813,4.723441589861699,8.723908754064183,-0.22111331809394075,4.055492134440983,0,1.0139153938075929,3.5209825521384546,11.165021998100897
78,1068,10.412318236412235,0.5773040867099143,0.40348047871805554,-0.17365097364395896,0,1.2322275766441733,-0.21611808231326896,0.10133667879197639,1.504724325087985,0.24571186646216597,-0.22111331809394075,1.3088056009893303,1,0.6074624298176686,0.9781074927651714,8.701868432472299
79,1397,-0.19049600623940308,-0.6927649040518971,-0.7276359118629011,-0.17365097364395896,0,-0.638055910282722,-0.21611808231326896,-0.6763634142627257,-0.8992889653451807,-0.6473468777789416,-0.22111331809394075,-0.870496241989876,1,-0.6931870549500889,-0.622444449153784,11.625089409201124
80,1539,-0.17565843384388433,0.005773040867099194,0.5650685345153351,-0.17365097364395896,1,-0.37075938799825686,-0.21611808231326896,0.23095336096776006,-0.37039960931552557,-0.6433883483597554,-0.22111331809394075,-0.01402513475864858,0,-0.7744776477480738,0.154606117476037,11.99082308544367
81,1570,-0.19049600623940308,-0.8832752526661687,-0.40445980026834205,-0.17365097364395896,0,-0.5425558649511248,-0.21611808231326896,-0.6763634142627257,-0.5844536634119598,-0.7004394209031,-0.22111331809394075,-0.5946738417190732,1,-0.9370588333440435,-0.5446269950215428,11.92010385392101
82,1109,-0.19049600623940308,-0.9467787022042593,-0.8892239676601806,-0.17365097364395896,1,-0.971541790110748,-0.21611808231326896,-0.6763634142627257,-0.8993051033166897,-0.7004394209031,-0.22111331809394075,-0.8705103802202772,0,-1.0183494261420283,-0.8941827720745733,11.984700439923175
83,366,-0.19049600623940308,-1.01028215174235,-0.5660478560656216,-0.17365097364395896,0,-0.9730167293457558,-0.21611808231326896,-0.6763634142627257,-0.8993047190792728,-0.7004394209031,-0.22111331809394075,-0.8353327798596383,1,-1.0996400189400133,-0.8953846146063703,11.654156257984502
84,242,-0.19049600623940308,-0.8197718031280782,-0.7276359118629011,-0.17365097364395896,1,-0.7238639919633486,-0.21611808231326896,-0.6763634142627257,-0.899287428395513,-0.30426047285567487,-0.22111331809394075,-0.8704948954917425,0,-0.8557682405460587,-0.6923644836121186,11.818358458833773
85,1375,-0.19049600623940308,-0.5022545554376253,-0.5660478560656216,-0.17365097364395896,1,-0.2265962932653822,-0.21611808231326896,0.10133667879197639,-0.05243277243470959,-0.2766314534382551,-0.22111331809394075,-0.12857846346100932,0,-0.4493152765561344,-0.2871698452167879,12.07579590913982
86,858,-0.19049600623940308,-0.8832752526661687,-0.40445980026834205,-0.17365097364395896,0,-0.9449102942019577,-0.21611808231326896,-0.6763634142627257,-0.8236864111993106,-0.66376373141095,-0.22111331809394075,-0.8042619988059897,1,-0.9370588333440435,-0.8724823089579387,11.571298847482616
87,1152,-0.19049600623940308,-0.24824075728526307,-0.40445980026834205,-0.17365097364395896,0,-0.7891919953714258,-0.21611808231326896,0.49018672531932744,-0.722170885658861,-0.6631932206855166,-0.22111331809394075,-0.7153257970923145,1,-0.12415290536419504,-0.7455964888023503,11.067314634832531
88,712,-0.19049600623940308,-0.3752476563614442,0.40348047871805554,-0.17365097364395896,1,-0.1451758423140498,-0.21611808231326896,-0.6763634142627257,-0.16368410564413685,-0.7004394209031,1.2308362996912177,0.07113111006992881,0,-0.6931870549500889,0.040576947025150724,12.520625828886095
89,1576,-0.19049600623940308,0.7678144353241859,1.5345968692990122,-0.17365097364395896,0,0.5483539041127244,-0.21611808231326896,-0.6763634142627257,0.4525877552581827,0.15955659676849532,-0.22111331809394075,0.6192174526693872,1,0.2823000586257292,0.6690031773210562,11.603445021563806
90,1075,-0.19049600623940308,-0.7562683535899876,-0.5660478560656216,-0.17365097364395896,1,0.06727162039733503,-0.21611808231326896,-0.6763634142627257,0.25342482225304325,-0.7004394209031,-0.22111331809394075,0.1393787045878403,0,-0.7744776477480738,-0.047713907651700437,12.90513120915805
91,1184,-0.19049600623940308,-0.43875110589953475,0.40348047871805554,0.0180039471002098,1,1.499311787241629,-0.21611808231326896,-0.6763634142627257,1.2976192046758772,1.952027944701395,-0.22111331809394075,1.883327404818072,0,-0.7744776477480738,2.17620954953497,12.895672626718804
92,1020,-0.19049600623940308,-1.01028215174235,-0.7276359118629011,-0.17365097364395896,0,-0.9730167293457558,-0.21611808231326896,-0.6763634142627257,-0.8993031821296054,-0.7004394209031,-0.22111331809394075,-0.8705086970976104,1,-1.0996400189400133,-0.8953846146063703,11.66744351679211
93,526,-0.19049600623940308,-0.6292614545138064,-0.24287174447106255,-0.17365097364395896,0,-0.5352481918137373,-0.21611808231326896,-0.6763634142627257,-0.5128763804453547,-0.4186071225389782,5.002625216032281,-0.3900253130346792,1,-0.6931870549500889,-0.5358888845587565,11.91944432754639
94,198,-0.19049600623940308,-0.31174420682335363,-0.5660478560656216,0.40131378858854727,1,-0.49621916356636475,-0.21611808231326896,-0.28751336773537467,-0.49365759332770814,-0.28144004383833704,-0.22111331809394075,-0.5151287912370713,0,-0.20544349816217988,-0.5068699015863743,11.448071829920831
95,1567,-0.19049600623940308,-1.01028215174235,-0.7276359118629011,-0.17365097364395896,1,-0.9730167293457558,-0.21611808231326896,-0.6763634142627257,-0.8993047190792728,-0.7004394209031,-0.22111331809394075,-0.8705100435957437,0,-1.0996400189400133,-0.8953846146063703,12.001777001494427
96,698,-0.19049600623940308,-0.8197718031280782,-0.40445980026834205,-0.17365097364395896,0,-0.938294471775802,-0.21611808231326896,-0.6763634142627257,0.885656752740426,-0.6404542932003835,-0.22111331809394075,0.698308396655887,1,-0.8557682405460587,-0.8670914585514615,12.274582449703903
97,1453,-0.19049600623940308,1.2758420316289105,2.504125204082689,-0.17365097364395896,0,0.37062264527757,-0.21611808231326896,-0.28751336773537467,0.2946554182716578,0.1831186897288967,-0.22111331809394075,0.66946001077148,1,0.4448812442216989,0.6994970687771973,11.098915529574247
98,1535,-0.16601401178679712,0.13277993994328033,0.0803043671234965,-0.17365097364395896,0,0.055170286644499265,-0.21611808231326896,0.36057004314354374,0.12692925376620587,0.4096114477259743,-0.22111331809394075,0.03131852650945802,1,0.20100946582774434,-0.056165210779135444,11.120227310164601
99,1581,-0.19049600623940308,-0.9467787022042593,-0.7276359118629011,0.0180039471002098,0,-0.9689088657478161,4.160478615408861,-0.6763634142627257,-0.8993047190792728,-0.7004394209031,-0.22111331809394075,-0.8705100435957437,1,-1.0183494261420283,-0.8920373545500611,10.23366466595972
100,657,-0.19049600623940308,-0.5657580049757159,-0.24287174447106255,-0.17365097364395896,1,0.3133931868511573,-0.21611808231326896,-0.4171300499111584,0.208537054500538,0.2300635722788487,-0.22111331809394075,0.10029996251009415,0,-0.5306058693541192,0.15283629776415902,12.332705394788325
101,1256,4.238597251078022,0.06927649040518975,1.2114207577044531,-0.17365097364395896,0,-0.6550823562861403,-0.21611808231326896,-0.6763634142627257,-0.6167880105174856,-0.38233894070785207,-0.22111331809394075,-0.5097848767699835,1,-0.4493152765561344,-0.468156548804593,9.614896137741031
102,407,-0.19049600623940308,0.1962833894813709,-0.40445980026834205,-0.17365097364395896,0,-0.11827409222118443,-0.21611808231326896,-0.28751336773537467,-0.056340851201825005,0.34775178478254787,-0.22111331809394075,-0.1320022715898124,1,0.4448812442216989,-0.1989043592477321,11.091061794493692
103,290,-0.19049600623940308,0.7678144353241859,0.5650685345153351,-0.17365097364395896,1,3.952962064252529,-0.21611808231326896,0.8790367718466785,0.954613920761307,7.9520077425527305,-0.22111331809394075,0.7536797661482503,0,1.1764965794035624,3.1185101170268124,9.555840533701376
104,1462,-0.19049600623940308,0.13277993994328033,-0.40445980026834205,-0.17365097364395896,1,1.8240881314286341,-0.21611808231326896,0.10133667879197639,1.0337860405100185,0.9617028268811395,-0.22111331809394075,0.8230412512470495,0,0.36359065142371405,1.3838140857775354,12.643198800594886
105,995,-0.19049600623940308,-0.9467787022042593,-0.7276359118629011,-0.17365097364395896,1,-0.970638492525896,-0.21611808231326896,-0.6763634142627257,-0.8993047190792728,-0.7004394209031,-0.22111331809394075,-0.8705100435957437,0,-1.0183494261420283,-0.8934467272053492,11.96254259336517
106,774,-0.19049600623940308,0.894821334400367,2.34253714828541,-0.17365097364395896,1,0.8135290391538748,-0.21611808231326896,-0.6763634142627257,0.6882228881112594,-0.3343345382392379,0.02588906899680399,1.2561073669163771,0,0.11971887302975949,1.2838455216221307,12.523432212897097
107,1272,-0.19049600623940308,0.13277993994328033,-0.08128368867378302,0.0180039471002098,0,1.3639131437999799,4.126114635711135,-0.157896685559591,1.36905009318665,1.4089017340887555,-0.22111331809394075,1.1167609680829964,1,0.36359065142371405,1.0088441486611859,10.592114779266598
108,751,-0.19049600623940308,-0.43875110589953475,-0.40445980026834205,-0.17365097364395896,0,0.2555933839946728,-0.21611808231326896,-0.28751336773537467,-0.3926761577967258,-0.32341333292379765,-0.22111331809394075,-0.4266604976247663,1,-0.36802468375814956,0.10573858705606867,11.898953148039901
109,391,-0.18307722004164367,0.9583247839384577,0.7266565903126146,-0.17365097364395896,0,-0.36181029904847156,-0.21611808231326896,-0.6763634142627257,-0.2786456353509848,-0.3862510142536814,3.137369748810082,-0.2704438236775223,1,0.36359065142371405,-0.33719693698889447,11.12624876923846
110,918,-0.19049600623940308,-0.8832752526661687,-0.7276359118629011,-0.17365097364395896,0,-0.923679125501027,-0.21611808231326896,-0.6763634142627257,-0.8993035663670221,-0.6124177661219399,-0.22111331809394075,-0.8705090337221436,1,-0.9370588333440435,-0.8551822596142771,11.56923060921254
111,65,-0.19049600623940308,0.1962833894813709,-0.24287174447106255,-0.17365097364395896,1,-0.7428466458527753,-0.21611808231326896,0.49018672531932744,-0.6936224298218822,-0.5045912390150188,-0.22111331809394075,-0.6903149308882102,0,0.4448812442216989,-0.7078323485039054,11.052976164207891
112,78,-0.19049600623940308,3.0539386186954465,-0.08128368867378302,-0.17365097364395896,1,2.3217242406303313,-0.21611808231326896,5.415620647999107,3.740860445710864,0.8595814070285528,-0.22111331809394075,3.1946677987443453,0,4.102957920131017,1.7893089205484423,11.204298002776497
113,1137,-0.19049600623940308,-0.8832752526661687,-0.24287174447106255,-0.17365097364395896,1,-0.9422293726959338,-0.21611808231326896,-0.6763634142627257,-0.5707402300034109,-0.6473819234377896,-0.22111331809394075,-0.5826597121234598,0,-0.9370588333440435,-0.870297781342242,11.987230884513924
114,1198,-0.19049600623940308,-0.05773040867099137,-0.08128368867378302,-0.17365097364395896,0,-0.17059097819115554,-0.21611808231326896,-0.546746732086942,-0.34789098143452807,-0.47036059548901216,-0.22111331809394075,-0.3874248885144743,1,0.11971887302975949,-0.24153435863855896,11.517100938228706
115,1533,-0.19049600623940308,-0.7562683535899876,-0.5660478560656216,-0.17365097364395896,0,-0.683060366641666,-0.21611808231326896,-0.546746732086942,-0.6687622689495616,-0.19565071602426584,-0.22111331809394075,-0.6685353235798271,1,-0.7744776477480738,-0.6591159733012167,11.464190073491674
116,800,-0.19049600623940308,0.005773040867099194,-0.7276359118629011,0.0180039471002098,0,0.9810273935632141,-0.21611808231326896,0.23095336096776006,-0.8992801278845923,-0.5305902277883429,-0.22111331809394075,-0.8704884996256087,1,0.20100946582774434,0.6968527333327129,11.76668281860983
117,202,2.4579030939608275,0.13277993994328033,0.5650685345153351,-0.17365097364395896,1,0.6453215377655225,-0.21611808231326896,-0.4171300499111584,0.3111576468519425,1.5062145635412603,-0.22111331809394075,0.2511838305998512,0,-0.12415290536419504,0.6604740063544163,10.65287776266505
118,297,-0.19049600623940308,-0.24824075728526307,-0.08128368867378302,-0.17365097364395896,0,-0.021677031105589894,-0.21611808231326896,0.23095336096776006,0.3763062535966805,-0.552188133822609,-0.22111331809394075,0.24703325010352387,1,-0.12415290536419504,-0.1201930105088741,11.928516063870784
119,443,-0.19049600623940308,-0.31174420682335363,-0.40445980026834205,-0.17365097364395896,0,0.19387597648583746,-0.21611808231326896,-0.6763634142627257,-0.15033108693262395,0.8095394662548192,0.5385099413792858,-0.11010450907022012,1,-0.2867340909601647,0.05752747195030078,11.47547819218119
120,1189,-0.19049600623940308,-0.7562683535899876,-0.40445980026834205,-0.17365097364395896,0,-0.6903524731380507,-0.21611808231326896,-0.6763634142627257,-0.5515183689864293,-0.5781871225959332,-0.22111331809394075,-0.5647795634095174,1,-0.7744776477480738,-0.6650578884159114,11.708950548192599
121,989,-0.19049600623940308,1.3393454811670011,-0.40445980026834205,-0.17365097364395896,0,0.2162322674059089,-0.21611808231326896,2.8232870044834337,-0.15479438876713508,-0.5064657742557287,-0.22111331809394075,-0.21825591239714293,1,1.9081119145854262,0.07366549353967725,10.325833612554295
122,805,-0.19049600623940308,0.5138006371718237,1.6961849250962917,-0.17365097364395896,0,0.9367117610686404,-0.21611808231326896,0.49018672531932744,0.17795713544049918,0.21148122293615929,-0.22111331809394075,0.07326261661516338,1,0.8513342082116231,0.6607424918452487,11.202811591453385
123,251,-0.19049600623940308,-0.12123385820908193,-0.08128368867378302,-0.17365097364395896,1,0.7349507974056219,-0.21611808231326896,-0.6763634142627257,0.32919874628684315,1.8997936127113524,-0.22111331809394075,0.32732560704958474,0,0.03842828023177465,0.49633917160589086,11.550623789770734
124,670,-0.19049600623940308,-0.05773040867099137,-0.40445980026834205,-0.17365097364395896,1,-0.6852578574632165,-0.21611808231326896,0.49018672531932744,-0.2839853827334059,-0.3622064322226278,-0.22111331809394075,-0.33143816937512893,0,0.11971887302975949,-0.6609065812597604,11.377721373624603
125,149,-0.19049600623940308,-0.8832752526661687,-0.5660478560656216,-0.17365097364395896,0,-0.21133233694882717,-0.21611808231326896,-0.6763634142627257,-0.21589966517401507,-0.7004394209031,-0.22111331809394075,-0.2717893119373616,1,-0.9370588333440435,-0.2747321315338703,12.289942268173283
126,857,-0.19049600623940308,-0.43875110589953475,-0.5660478560656216,-0.17365097364395896,1,-0.5285026473792257,-0.21611808231326896,-0.6763634142627257,-0.4466253965515795,0.1291646754093337,-0.22111331809394075,-0.4739246018556909,0,-0.36802468375814956,-0.5331758421973269,11.640347055226869
127,1081,-0.19049600623940308,-0.8197718031280782,-0.40445980026834205,-0.17365097364395896,1,-0.7723756990215441,-0.21611808231326896,-0.6763634142627257,-0.4069025481568134,-0.7004394209031,-0.22111331809394075,-0.43912402097241515,0,-0.8557682405460587,-0.7318938631613117,12.163251631255765
128,869,-0.19049600623940308,0.32329028855755204,-0.08128368867378302,0.40131378858854727,0,0.08482646738145698,0.40117914712910707,0.8790367718466785,-0.3121423006425813,0.0307923260381669,-0.22111331809394075,2.3380512697147067,1,0.6074624298176686,-0.03340947988685365,11.189275624838547
129,1437,-0.19049600623940308,-0.6927649040518971,0.0803043671234965,-0.17365097364395896,0,-0.7268043574860843,-0.21611808231326896,-0.4171300499111584,-0.37750684881560764,-0.4111089815761386,-0.22111331809394075,-0.4133708976722523,1,-0.6931870549500889,-0.6947604171261083,11.520256068020965
130,38,-0.19049600623940308,0.6408075362480048,-0.24287174447106255,-0.17365097364395896,1,0.18648311922962935,-0.21611808231326896,0.8790367718466785,0.16349712873094693,0.2756229287813195,-0.22111331809394075,0.06059442555123186,0,1.0139153938075929,0.04942463621188557,11.192704219973312
131,1577,-0.19049600623940308,-0.8197718031280782,-0.40445980026834205,-0.17365097364395896,0,-0.6429693475525524,-0.21611808231326896,-0.6763634142627257,-0.6097814412206268,-0.7004394209031,-0.22111331809394075,-0.6168631210845551,1,-0.8557682405460587,-0.6264481245242938,11.812232179338595
132,1286,-0.19049600623940308,-0.1847373077471725,-0.08128368867378302,0.40131378858854727,0,-0.36151150602255827,2.4270891840850637,-0.157896685559591,-0.3618630066246392,-0.5287971940798378,-0.22111331809394075,-0.39966556642103895,1,-0.042862312566210196,-0.39710443576089843,10.403516075626568
133,1575,-0.19049600623940308,0.6408075362480048,-0.40445980026834205,-0.17365097364395896,1,0.24815079996859504,-0.21611808231326896,1.2678868183740295,0.48821962787539713,-0.3463560142394426,-0.22111331809394075,0.3450788483144505,0,1.0139153938075929,0.09967405652036396,11.631663359763916
134,116,-0.19049600623940308,-0.8832752526661687,-0.5660478560656216,-0.17365097364395896,1,-0.8193393901133581,-0.21611808231326896,-0.546746732086942,-0.8013145718387235,-0.7004394209031,-0.22111331809394075,-0.7846623719756451,0,-0.9370588333440435,-0.770161854184022,12.001473414979122
135,612,0.9522159224083752,0.8313178848622765,0.7266565903126146,-0.17365097364395896,1,2.569187132650554,-0.21611808231326896,1.008653454022462,2.3172396831019677,1.409472244814189,-0.22111331809394075,3.529809164410223,0,0.20100946582774434,2.2447008324640056,12.983726249230175
136,1490,9.037350077664303,-0.1847373077471725,0.5650685345153351,-0.17365097364395896,1,-0.6254049876211512,-0.21611808231326896,0.10133667879197639,-0.34215623798755146,-0.046226621895348166,-0.22111331809394075,-0.004077543173331381,0,-0.6931870549500889,-0.2236110142380963,8.481072947158616
137,136,-0.19049600623940308,-0.7562683535899876,-0.5660478560656216,-0.17365097364395896,0,-0.8560074778086517,-0.21611808231326896,-0.6763634142627257,-0.46995667674212316,-0.4834008406417766,-0.22111331809394075,-0.494364780145835,1,-0.7744776477480738,-0.8000405544761299,11.626342170137429
138,254,-0.19049600623940308,-0.8197718031280782,-0.5660478560656216,-0.17365097364395896,1,-0.7929366373459688,-0.21611808231326896,-0.6763634142627257,-0.7340826298196463,-0.7004394209031,-0.22111331809394075,-0.7257614942510036,0,-0.8557682405460587,-0.7486477806010491,12.030733463992961
139,551,-0.1808515841823159,1.2758420316289105,0.7266565903126146,-0.17365097364395896,1,0.08543313397386851,-0.21611808231326896,1.008653454022462,0.04338451221336728,-0.3007559069708694,0.2364216643246198,0.09971457244658134,0,0.6887530226156534,0.07900666356005541,11.199282918027093
140,320,-0.19049600623940308,-0.9467787022042593,-0.7276359118629011,-0.17365097364395896,0,-0.9719344153893723,-0.21611808231326896,-0.6763634142627257,-0.899297418568352,-0.7004394209031,-0.22111331809394075,-0.8705036477296099,1,-1.0183494261420283,-0.8945026996673238,11.6274865341047
141,280,-0.19049600623940308,-0.9467787022042593,-0.7276359118629011,-0.17365097364395896,0,-0.970638492525896,-0.21611808231326896,-0.6763634142627257,-0.8993047190792728,-0.7004394209031,-0.22111331809394075,-0.8705100435957437,1,-1.0183494261420283,-0.8934467272053492,11.628208433729995
142,744,-0.19049600623940308,1.3393454811670011,-0.24287174447106255,-0.17365097364395896,0,0.703382514265497,-0.21611808231326896,0.8790367718466785,0.4959796867467631,1.282085349978121,6.401447584616888,0.4308137507158734,1,1.7455307289894564,0.48175005056467635,10.69723673350251
143,548,-0.19049600623940308,-0.8197718031280782,-0.5660478560656216,-0.17365097364395896,1,-0.1565161402845305,-0.21611808231326896,-0.6763634142627257,-0.1633740260487124,-0.37443329208398857,-0.22111331809394075,-0.22577240160253537,0,-0.8557682405460587,-0.230065588656152,12.471936217209342
144,113,-0.19049600623940308,-0.24824075728526307,0.24189242292077603,-0.17365097364395896,1,-0.6986058197163535,-0.21611808231326896,-0.4171300499111584,-0.6929461719681682,-0.7004394209031,12.431139498836284,-0.6331025618229015,0,-0.36802468375814956,-0.6566464000659882,12.216805192325422
145,812,-0.19049600623940308,-0.8832752526661687,-0.7276359118629011,-0.17365097364395896,0,-0.9699898824841159,-0.21611808231326896,-0.6763634142627257,-0.8993020294173547,-0.7004394209031,-0.22111331809394075,-0.8705076872240103,1,-0.9370588333440435,-0.8929182124596161,11.588007431549563
146,737,-0.19049600623940308,-0.5657580049757159,-0.5660478560656216,-0.17365097364395896,1,-0.483871790404347,-0.21611808231326896,-0.6763634142627257,-0.5150665337215868,-0.7004394209031,-0.22111331809394075,-0.5338848369868161,0,-0.5306058693541192,-0.49680874254343643,12.13758187543837
147,114,10.904250530399462,0.06927649040518975,0.24189242292077603,-0.17365097364395896,1,-0.6066679407342119,-0.21611808231326896,0.10133667879197639,-0.15483896030749353,-0.39888375174542196,-0.22111331809394075,0.4549541058767094,0,0.20100946582774434,0.10781811640894627,7.975277876169693
148,1452,-0.19049600623940308,-0.8197718031280782,-0.5660478560656216,-0.17365097364395896,1,-0.33170571256929665,-0.21611808231326896,-0.6763634142627257,-0.32294705680532715,-0.7004394209031,-0.22111331809394075,-0.3655718970578189,0,-0.8557682405460587,-0.3728174214786461,12.469350447587809
149,602,10.754617322183755,3.0539386186954465,2.827301315677248,-0.17365097364395896,0,0.621649000867332,-0.21611808231326896,2.8232870044834337,0.5177179186069104,0.28898918006290303,-0.22111331809394075,0.9919069286598238,1,1.0952059866055777,1.0991201047230101,6.321311203772577
150,1612,-0.19049600623940308,-0.24824075728526307,0.40348047871805554,-0.17365097364395896,0,-0.06274745135779129,-0.21611808231326896,-0.6763634142627257,0.0789526014193792,-0.6678388080211889,4.349657899266503,0.36457782440932046,1,-0.36802468375814956,0.046919123973947215,12.345965534429785
151,13,-0.19049600623940308,1.5933592793193634,0.0803043671234965,-0.17365097364395896,1,0.4294641158611529,-0.21611808231326896,1.5271201827255967,0.27946036538360847,0.012780487420910938,2.3080192438225584,0.2615915879222714,0,2.070693100181396,0.320844088569416,10.926499524281125
152,56,-0.19049600623940308,-0.3752476563614442,-0.40445980026834205,-0.17365097364395896,0,-0.3933807442220692,-0.21611808231326896,0.23095336096776006,0.1388010372356354,-0.7004394209031,-0.22111331809394075,0.05073469296912142,1,-0.2867340909601647,-0.4230728316209095,11.821102609560757
153,1472,-0.19049600623940308,0.8313178848622765,-0.40445980026834205,-0.17365097364395896,1,0.37839256117139936,-0.21611808231326896,0.36057004314354374,3.732305015386551,0.12207404210751809,-0.22111331809394075,3.187172516884555,0,1.2577871722015475,0.2058005221498861,12.948318115605932
154,572,-0.19049600623940308,0.7678144353241859,-0.40445980026834205,-0.17365097364395896,0,1.3447497439122438,-0.21611808231326896,0.49018672531932744,-0.11172829060807138,0.4457973130095736,-0.22111331809394075,-0.1805263614491031,1,1.1764965794035624,0.9932290043269212,11.317311251766652
155,442,-0.19049600623940308,-0.12123385820908193,-0.5660478560656216,-0.17365097364395896,0,1.1333660016693778,-0.21611808231326896,-0.546746732086942,-0.22590059666064188,0.010172438390358121,-0.22111331809394075,-0.280550975291652,1,0.03842828023177465,0.8209846393198682,12.16486265085876
156,433,-0.19049600623940308,-0.1847373077471725,-0.5660478560656216,-0.17365097364395896,1,-0.4999638055409077,-0.21611808231326896,-0.6763634142627257,-0.13082719565165032,0.18295568666448703,-0.22111331809394075,-0.19725862050428825,0,-0.042862312566210196,-0.509921193385073,11.605424376358437
157,1301,-0.19049600623940308,-0.1847373077471725,0.24189242292077603,-0.17365097364395896,0,-0.26188067953821176,-0.21611808231326896,-0.6763634142627257,-0.0392119313946045,0.6194778931532772,-0.22111331809394075,-0.11699588651716329,1,-0.042862312566210196,-0.3159210473846652,11.10959802241923
158,108,-0.19049600623940308,-0.3752476563614442,0.40348047871805554,-0.17365097364395896,1,-0.4094178437084258,-0.21611808231326896,-0.4171300499111584,0.3608833479204199,0.28198004829329215,-0.22111331809394075,0.23743709453103434,0,-0.2867340909601647,-0.4361405348807407,11.757444273513322
159,845,-0.19049600623940308,-0.9467787022042593,-0.8892239676601806,-0.17365097364395896,1,-0.9719344153893723,-0.21611808231326896,-0.6763634142627257,-0.8993051033166897,-0.7004394209031,-0.22111331809394075,-0.8705103802202772,0,-1.0183494261420283,-0.8945026996673238,11.984480754956481
160,250,-0.19049600623940308,0.5138006371718237,-0.08128368867378302,-0.17365097364395896,1,1.7457732253573444,-0.21611808231326896,1.5271201827255967,2.8237564312962022,-0.7004394209031,-0.22111331809394075,2.3912069765284953,0,0.8513342082116231,1.319999806005073,13.659762744094845
161,1202,-0.19049600623940308,-0.7562683535899876,-0.5660478560656216,-0.17365097364395896,0,-0.9081557251677601,-0.21611808231326896,-0.546746732086942,-0.6879568491099445,-0.6834056006723014,-0.22111331809394075,-0.685351402143819,1,-0.7744776477480738,-0.8425331400330663,11.577445455513901
162,1318,-0.19049600623940308,-0.8832752526661687,-0.24287174447106255,-0.17365097364395896,1,-0.8779737378902661,-0.21611808231326896,-0.4171300499111584,-0.5992840749913874,-0.7004394209031,-0.22111331809394075,-0.6076665388331637,0,-0.9370588333440435,-0.8179395871982889,11.986530247971471
163,1215,-0.19049600623940308,0.06927649040518975,-0.24287174447106255,-0.17365097364395896,0,0.6414212293809521,-0.21611808231326896,-0.28751336773537467,0.055569833414973104,0.7717227553118023,-0.22111331809394075,-0.03395902975061955,1,0.2823000586257292,0.4201273452711865,11.408495055663545
164,1328,-0.19049600623940308,2.228393774700269,-0.40445980026834205,1.1679334715652223,0,0.8313947865513563,-0.21611808231326896,1.6567368649013805,0.679771586126921,1.3666839404066806,-0.22111331809394075,0.5128945938076752,1,3.046180213757214,0.5749257908647559,9.186359664537392
165,743,-0.19049600623940308,1.4663523802431824,-0.40445980026834205,-0.17365097364395896,0,1.000684601896092,-0.21611808231326896,1.915970229252948,0.8080584694512665,0.6618586898997616,-0.22111331809394075,0.6252847732586655,1,2.070693100181396,0.7128702535600622,10.691992869093387
166,1061,-0.19049600623940308,0.13277993994328033,-0.5660478560656216,-0.17365097364395896,0,2.578866988914079,-0.21611808231326896,-0.546746732086942,1.0219073407670856,4.712240335880606,-0.22111331809394075,0.8126345037982298,1,0.36359065142371405,1.9988396485237976,10.972135120595114
167,1451,-0.19049600623940308,-0.8832752526661687,-0.5660478560656216,-0.17365097364395896,0,-0.6048691288850088,-0.21611808231326896,-0.546746732086942,-0.7840308043524991,-0.7004394209031,-0.22111331809394075,-0.769520327216052,1,-0.9370588333440435,-0.5954024636736074,11.794731400015058
168,337,-0.19049600623940308,0.45029718763373316,0.40348047871805554,-0.17365097364395896,1,0.49963291221438144,-0.21611808231326896,0.23095336096776006,0.4220939053795257,-0.2490839355530403,-0.22111331809394075,0.7090945199538033,0,0.6887530226156534,0.3407285750197121,12.047260543902285
169,814,-0.19049600623940308,-0.31174420682335363,-0.24287174447106255,0.0180039471002098,1,-0.4848728119021607,0.012714938838679269,-0.6763634142627257,0.4158846287226989,0.17741358247456224,-0.22111331809394075,0.29593940880817815,0,-0.20544349816217988,-0.4976244169676844,11.747441494216769
170,508,-0.19049600623940308,-0.6292614545138064,-0.40445980026834205,-0.17365097364395896,1,0.599862621970638,-0.21611808231326896,-0.546746732086942,0.8647503948878299,2.09506313372078,-0.22111331809394075,0.6749517034087127,0,-0.6118964621521041,0.3862636437962517,11.922997401750289
171,719,-0.19049600623940308,-0.31174420682335363,-0.5660478560656216,-0.17365097364395896,1,-0.6057304830204926,-0.21611808231326896,0.36057004314354374,-0.6303366060741918,-0.4070339049658997,-0.22111331809394075,-0.6348711871211743,0,-0.20544349816217988,-0.5961043312559409,11.503333811966215
172,837,-0.19049600623940308,-0.8832752526661687,-0.5660478560656216,-0.17365097364395896,0,-0.8750333723675303,-0.21611808231326896,-0.6763634142627257,-0.7834164087229033,-0.5207285423915649,-0.22111331809394075,-0.7689820645872095,1,-0.9370588333440435,-0.815543653684299,11.57812595239536
173,888,-0.19049600623940308,-0.6927649040518971,-0.24287174447106255,-0.17365097364395896,1,-0.5036392624443274,-0.21611808231326896,-0.6763634142627257,-0.46069501804557894,-0.7004394209031,-0.22111331809394075,-0.48625078239372893,0,-0.6931870549500889,-0.5129161102775603,12.186201334550184
174,177,-0.19049600623940308,-0.8197718031280782,-0.5660478560656216,-0.17365097364395896,1,-0.7539162572324865,-0.21611808231326896,-0.6763634142627257,-0.3177064426764618,-0.2929317598792107,-0.22111331809394075,-0.3609806750473237,0,-0.8557682405460587,-0.7168523334977493,12.028522631524828
175,646,-0.19049600623940308,0.06927649040518975,1.0498327019071736,-0.17365097364395896,0,0.043471955930956,-0.21611808231326896,-0.28751336773537467,0.05710486189542014,0.9072598033683478,-0.22111331809394075,0.023283298898158156,1,0.11971887302975949,-0.008628128145759051,10.893734320721753
176,1245,-0.19049600623940308,-0.43875110589953475,0.24189242292077603,-0.17365097364395896,0,2.2460522042759474,-0.21611808231326896,-0.546746732086942,2.7565248735145422,1.1106876277514732,-0.22111331809394075,2.3323064354283876,1,-0.36802468375814956,1.7276481621932598,13.627918259367686
177,1387,-0.19049600623940308,-0.24824075728526307,0.24189242292077603,-0.17365097364395896,0,-0.7171625530116781,-0.21611808231326896,-0.6763634142627257,-0.6719525922219398,-0.6596886548007111,8.16184224687889,-0.5292111419656477,1,-0.6931870549500889,-0.4673595485680276,11.867875389417405
178,1106,-0.19049600623940308,-0.5022545554376253,-0.40445980026834205,-0.17365097364395896,0,-0.6188324058644477,-0.21611808231326896,-0.6763634142627257,-0.566554731821306,-0.47345765371279364,-0.22111331809394075,-0.5789928610815708,1,-0.4493152765561344,-0.6067803291197483,11.526656516812816
179,1605,-0.19049600623940308,0.13277993994328033,-0.24287174447106255,-0.17365097364395896,0,-0.14905107111033766,-0.21611808231326896,0.23095336096776006,-0.19003702888104723,-0.17336901213480163,-0.22111331809394075,-0.24913145122144278,1,0.36359065142371405,-0.2239827362759285,11.19549139662149
180,288,-0.19049600623940308,0.005773040867099194,-0.5660478560656216,-0.17365097364395896,1,-0.08969200971341432,-0.21611808231326896,-0.157896685559591,-0.20510105680993942,0.09583054873757961,-0.22111331809394075,-0.2623288160518161,0,0.20100946582774434,-0.17561447611909609,11.62279261092829
181,1351,-0.19049600623940308,-0.12123385820908193,-0.40445980026834205,0.7846236300768848,1,-0.4842847387976136,0.47465511323605625,0.23095336096776006,-0.41591368405755,-0.030822832308645152,-0.22111331809394075,-0.44201394259130955,0,0.03842828023177465,-0.49714523026488644,10.748617546317323
182,1327,-0.19049600623940308,-0.8197718031280782,-0.40445980026834205,-0.17365097364395896,0,-0.80062828762809,-0.21611808231326896,-0.6763634142627257,-0.7494517422575436,-0.7004394209031,-0.22111331809394075,-0.6111630578611726,1,-0.9370588333440435,-0.7531535449800051,11.719790313404012
183,295,-0.19049600623940308,-0.7562683535899876,-0.5660478560656216,-0.17365097364395896,0,0.35326194889928764,-0.21611808231326896,-0.6763634142627257,-0.06830638860097388,-0.6506403546953365,-0.22111331809394075,-0.14248509618317182,1,-0.7744776477480738,0.1853230421548775,12.56424953534043
184,937,-0.19049600623940308,-0.5022545554376253,-0.5660478560656216,-0.17365097364395896,0,-0.44872361224029117,-0.21611808231326896,-0.6763634142627257,-0.49254829990516735,0.03584542103486314,-0.22111331809394075,-0.5141569562092614,1,-0.4493152765561344,-0.468168528472163,11.418428040611373
185,173,-0.19049600623940308,-0.9467787022042593,-0.7276359118629011,-0.17365097364395896,0,-0.970638492525896,-0.21611808231326896,-0.6763634142627257,-0.8992824333090936,-0.7004394209031,-0.22111331809394075,-0.8704905193728089,1,-1.0183494261420283,-0.8934467272053492,11.628218220256425
186,597,-0.19049600623940308,0.2597868390194614,0.8882446461098942,-0.17365097364395896,0,-0.3803691943772687,-0.21611808231326896,-0.28751336773537467,-0.3582062191281651,-0.34214320003977766,-0.22111331809394075,-0.3286387997557083,1,0.03842828023177465,-0.1615179308209044,11.132937069288392
187,815,-0.19049600623940308,-0.24824075728526307,-0.40445980026834205,-0.17365097364395896,0,0.49295828247777107,-0.21611808231326896,0.10133667879197639,0.2918324259698196,-0.20368758211497903,-0.22111331809394075,0.17302701969342546,1,-0.12415290536419504,0.2991534910613682,12.073295603266622
188,1429,18.170254245202184,1.5298558297812728,2.827301315677248,-0.17365097364395896,0,0.9874827931057029,-0.21611808231326896,-0.546746732086942,0.8427985270238958,1.5321418309662442,0.9646703666011041,1.0742887140844495,1,0.5261718370196837,1.546501142465916,4.812786650961865
189,205,-0.19049600623940308,-0.05773040867099137,-0.08128368867378302,-0.17365097364395896,0,0.018923363069668145,-0.21611808231326896,-0.546746732086942,-0.13140355177697452,0.8828892152084752,-0.22111331809394075,-0.19776355730432799,1,0.11971887302975949,-0.08711010148496881,11.03116658101126
190,218,-0.19049600623940308,0.7043109857860954,1.8577729808935712,-0.17365097364395896,0,0.6780651023013528,-0.21611808231326896,-0.4171300499111584,0.5780278235608433,-0.20556211735568888,0.7153692733684172,0.9683095488712976,1,0.03842828023177465,1.1605366892656641,12.070272810200665
191,52,-0.18567379521085947,-0.5022545554376253,-0.24287174447106255,-0.17365097364395896,1,-0.970638492525896,-0.21611808231326896,-0.6763634142627257,-0.8993051033166897,-0.7004394209031,-0.22111331809394075,-0.8235717919131115,0,-1.0183494261420283,-0.8592733160894146,11.785623323944174
192,425,-0.19049600623940308,-0.6292614545138064,-0.40445980026834205,-0.17365097364395896,0,-0.44496124159127287,-0.21611808231326896,-0.6763634142627257,-0.399005700765037,-0.27663063842293306,-0.22111331809394075,-0.43220571356280324,1,-0.6118964621521041,-0.4651027906037475,11.678721207166381
193,1602,-0.19049600623940308,-1.01028215174235,-0.7276359118629011,-0.17365097364395896,0,-0.9730167293457558,-0.21611808231326896,-0.6763634142627257,-0.899304334841856,-0.7004394209031,-0.22111331809394075,-0.8705097069712104,1,-1.0996400189400133,-0.8953846146063703,11.667443010592466
194,1221,-0.19049600623940308,1.9743799765479069,3.312065483069087,-0.17365097364395896,0,1.0957552673800306,-0.21611808231326896,-0.28751336773537467,0.9390096550242772,-0.0016452837793347037,-0.22111331809394075,1.5087215253592183,1,0.932624801009608,1.6806804661126202,11.568370386457694
195,920,-0.19049600623940308,0.2597868390194614,-0.24287174447106255,-0.17365097364395896,0,0.6307749441551761,-0.21611808231326896,-0.157896685559591,0.5483504781930622,-0.0497311877801536,-0.22111331809394075,0.3977585680380685,1,0.5261718370196837,0.4114523042347245,11.88876323754824
196,434,-0.19049600623940308,-0.5022545554376253,-0.40445980026834205,-0.17365097364395896,0,-0.7623352155747903,-0.21611808231326896,-0.4171300499111584,-0.7129526457904246,-0.48853543717067754,-0.22111331809394075,-0.7072498379124781,1,-0.4493152765561344,-0.7237124548973641,11.338672769739485
197,1197,-0.19049600623940308,-0.9467787022042593,-0.7276359118629011,-0.17365097364395896,1,-0.9689088657478161,-0.21611808231326896,-0.6763634142627257,-0.899303950604439,-0.7004394209031,-0.22111331809394075,-0.8705093703466771,0,-1.0183494261420283,-0.8920373545500611,11.96351070601527
198,1307,-0.19049600623940308,1.2123385820908201,-0.24287174447106255,-0.17365097364395896,1,0.6071404590461035,-0.21611808231326896,1.1382701361982457,0.6633588848647701,0.4340619073874077,-0.22111331809394075,0.49851567686520887,0,1.7455307289894564,0.39219393158654015,11.151001350787809
199,789,-0.19049600623940308,-0.8832752526661687,-0.5660478560656216,0.9762785508210536,0,-0.9654478825648781,1.6384035969145148,-0.6763634142627257,-0.7725251991413589,-0.7004394209031,-0.22111331809394075,-0.7594404421891242,1,-0.9370588333440435,-0.8892171998668295,10.585321912853473
200,1608,-0.17194904074500464,0.8313178848622765,1.0498327019071736,-0.17365097364395896,1,0.5349259466211013,-0.21611808231326896,0.6198034074951111,0.03158996046473135,-0.1703534554432249,2.505472903795556,0.4206116709833362,0,0.7700436154136383,0.3476390814917533,11.683637171845076
201,1131,-0.19049600623940308,-0.31174420682335363,-0.24287174447106255,-0.17365097364395896,1,-0.3641016221227329,-0.21611808231326896,-0.28751336773537467,0.02008204982908995,-0.337594599527429,-0.22111331809394075,-0.06504933502720278,0,-0.20544349816217988,-0.39921497131219236,11.971214322309653
202,1193,-0.19049600623940308,2.4824075728526314,2.827301315677248,-0.17365097364395896,0,0.48944238364462905,-0.21611808231326896,2.0455869114287313,0.339717629811428,-0.5288786956120426,-0.22111331809394075,0.4894345568287597,1,1.8268213217874412,0.743491340898343,10.249903948041597
203,106,-0.19049600623940308,-0.5657580049757159,-0.5660478560656216,0.40131378858854727,1,-0.5857100530642179,-0.21611808231326896,-0.6763634142627257,-0.09754916145026027,0.022886677414303426,-0.22111331809394075,-0.16810424291905743,0,-0.5306058693541192,-0.579790842770981,11.656283905844152
204,81,-0.19049600623940308,-0.9467787022042593,-0.7276359118629011,-0.17365097364395896,0,-0.9689088657478161,-0.21611808231326896,-0.6763634142627257,-0.8992263346462288,-0.7004394209031,-0.22111331809394075,-0.8704413721909384,1,-1.0183494261420283,-0.8920373545500611,11.629210630489387
205,997,-0.19049600623940308,-0.24824075728526307,-0.08128368867378302,-0.17365097364395896,1,-0.24740802747262836,-0.21611808231326896,-0.157896685559591,-0.30903727807675097,-0.48038528395019975,-0.22111331809394075,-0.33202322281410834,0,-0.20544349816217988,2.1622740250626444,12.281658470066452
206,405,-0.18307722004164367,0.5773040867099143,2.504125204082689,-0.17365097364395896,0,1.8489605969041174,-0.21611808231326896,-0.6763634142627257,1.6083093533557657,0.2880356121361071,-0.22111331809394075,2.791080230085874,1,-0.12415290536419504,2.2630910315565322,13.192907667665079
207,1066,-0.19049600623940308,-0.1847373077471725,0.0803043671234965,0.40131378858854727,0,0.15221834794247793,-0.21611808231326896,-0.6763634142627257,0.4193427654746446,0.9869365162670608,2.4908195336465515,0.44623990658162255,1,-0.12415290536419504,0.023265975043410794,11.324215123328136
208,574,-0.19049600623940308,0.5138006371718237,2.18094909248813,-0.17365097364395896,1,1.5900250904648907,-0.21611808231326896,-0.6763634142627257,1.4934899914931643,-0.6513754985158237,0.1688421589086289,2.3876438058428815,0,-0.12415290536419504,2.3034589878356218,13.849549063849178
209,493,-0.19049600623940308,2.2918972242383595,1.0498327019071736,-0.17365097364395896,0,1.643504718036426,-0.21611808231326896,1.6567368649013805,1.4126191581244134,1.3251181589822438,-0.22111331809394075,1.2045832792157838,1,3.046180213757214,1.288637740993274,10.344050178455364
210,397,-0.19049600623940308,-0.8197718031280782,-0.5660478560656216,-0.17365097364395896,0,-0.924933104915135,-0.21611808231326896,-0.546746732086942,-0.8797086108182474,-0.6750109428552092,-0.22111331809394075,-0.8533421923943908,1,-0.8557682405460587,-0.856204054789361,11.52015572591811
211,6,-0.19049600623940308,-0.5022545554376253,-0.40445980026834205,-0.17365097364395896,1,-0.45278823516877886,-0.21611808231326896,-0.6763634142627257,-0.4168558342037467,-0.7004394209031,1.2284216265538177,-0.3981696069947877,0,-0.6118964621521041,-0.4649622056813825,12.258577647616159
212,1394,-0.19049600623940308,0.9583247839384577,-0.40445980026834205,-0.17365097364395896,0,0.6375135700825755,-0.21611808231326896,2.4344369579560827,0.02653032215921793,0.3603845222742884,-0.22111331809394075,-0.05940010210835764,1,1.420368357797517,0.4169432200997271,10.521056207175738
213,763,15.69076977854564,-0.3752476563614442,0.24189242292077603,-0.17365097364395896,1,-0.20406790448089165,-0.21611808231326896,-0.6763634142627257,0.048424170173202746,-0.66376373141095,1.9048304699914869,0.014157407798772252,0,-0.6931870549500889,-0.2612726226758689,7.162440814118971
214,418,-0.19049600623940308,-0.43875110589953475,-0.5660478560656216,-0.17365097364395896,0,0.33725771232171464,-0.21611808231326896,-0.6763634142627257,-0.22408123249170162,-0.7004394209031,-0.22111331809394075,-0.27895705812619315,1,-0.36802468375814956,0.17228211697549678,12.30934541323719
215,702,-0.19049600623940308,1.9108765270098163,1.5345968692990122,0.0180039471002098,1,0.8718321634027805,3.2792702658571655,2.4344369579560827,0.905864566969129,0.39339264281722347,-0.22111331809394075,0.8695896917200511,0,2.1519836929793805,0.8458237753398296,9.559695327374449
216,848,-0.19049600623940308,0.06927649040518975,0.0803043671234965,-0.17365097364395896,0,1.39735028867382,-0.21611808231326896,-0.157896685559591,-0.4610377578214384,-0.7004394209031,-0.22111331809394075,-0.4843017263455753,1,-0.042862312566210196,1.0384156057144407,12.372914317283087
217,220,-0.19049600623940308,-0.43875110589953475,-0.24287174447106255,-0.17365097364395896,1,-0.5865316257838058,-0.21611808231326896,-0.6763634142627257,-0.4093217069335078,-0.07132909381441974,-0.006397030574143224,-0.42141218452515267,0,-0.5306058693541192,-0.5754922561723523,11.741661312819463
218,76,9.017768191495318,0.005773040867099194,0.24189242292077603,-0.17365097364395896,1,0.9154161637702264,-0.21611808231326896,-0.546746732086942,-0.18999514700260692,-0.7004394209031,2.3002510222484593,-0.12337222842806567,0,-0.36802468375814956,0.6710862301055718,9.766198398539203
219,1046,-0.19049600623940308,-0.7562683535899876,-0.5660478560656216,-0.17365097364395896,0,-0.7836122193853401,-0.21611808231326896,-0.6763634142627257,-0.6687615004747277,-0.7004394209031,-0.22111331809394075,-0.6685346503307605,1,-0.7744776477480738,-0.7410498526163909,11.689736465264641
220,885,-0.19049600623940308,-0.3752476563614442,-0.5660478560656216,-0.17365097364395896,0,-0.4444903507009407,-0.21611808231326896,-0.4171300499111584,-0.3528219002053857,0.1320987305687057,-0.22111331809394075,-0.39174479115108135,1,-0.2867340909601647,-0.46471908889834534,11.301102185300374
221,716,-0.19049600623940308,-0.5657580049757159,-0.5660478560656216,-0.17365097364395896,1,-0.8329904694593535,-0.21611808231326896,-0.157896685559591,-0.7750976686473895,-0.4705235985534217,-0.22111331809394075,-0.7616941434399686,0,-0.5306058693541192,-0.7812853278658833,11.609211125526404
222,72,-0.19049600623940308,-0.1847373077471725,-0.24287174447106255,-0.17365097364395896,0,0.5538545496737131,-0.21611808231326896,-0.6763634142627257,-0.4357964334315701,1.3080028372192405,-0.22111331809394075,-0.46443751263200994,1,-0.042862312566210196,0.3487743311655881,11.110297981706161
223,139,9.578591334114938,0.13277993994328033,1.2114207577044531,-0.17365097364395896,1,-0.4877976107838938,-0.21611808231326896,-0.28751336773537467,-0.4701403422273932,-0.6417583177156599,-0.22111331809394075,-0.4873633264764833,0,-0.20544349816217988,-0.43474560829516934,8.233914496319521
224,107,-0.19049600623940308,-1.01028215174235,-0.7276359118629011,-0.17365097364395896,1,-0.9730167293457558,-0.21611808231326896,-0.6763634142627257,-0.8992908865322651,-0.7004394209031,-0.22111331809394075,-0.8704979251125428,0,-1.0996400189400133,-0.8953846146063703,12.001783075890142
225,343,-0.19049600623940308,-0.24824075728526307,-0.40445980026834205,-0.17365097364395896,0,-0.7291687572917196,-0.21611808231326896,-0.157896685559591,-0.6057465641059401,-0.4705235985534217,-0.22111331809394075,-0.6133282268597432,1,-0.12415290536419504,-0.6966870295458871,11.18184771353649
226,1017,-0.19049600623940308,-0.24824075728526307,-0.7276359118629011,-0.17365097364395896,0,-0.8300933446060698,-0.21611808231326896,0.49018672531932744,-0.8992997239928533,-0.7004394209031,-0.22111331809394075,-0.8705056674768101,1,-0.12415290536419504,-0.7789246286682758,11.030881839156443
227,376,6.224665666507789,-0.24824075728526307,0.5650685345153351,-0.17365097364395896,0,-0.3895271357605071,-0.21611808231326896,-0.6763634142627257,-0.09240114853886384,0.3731802628304386,-0.22111331809394075,-0.16222677856659437,1,-0.2867340909601647,-0.41852337668963946,9.020531130359714
228,88,-0.19049600623940308,-0.24824075728526307,-0.40445980026834205,-0.17365097364395896,0,-0.8397576342285912,-0.21611808231326896,0.10133667879197639,-0.7620547295313012,-0.7004394209031,-0.22111331809394075,-0.7502674236550682,1,-0.12415290536419504,-0.7867994983796981,11.117000899913407
229,1006,-0.19049600623940308,0.005773040867099194,-0.24287174447106255,-0.17365097364395896,0,0.1773320963535034,-0.21611808231326896,-0.0282800033838073,0.08096254734709331,0.13959687153154524,-0.22111331809394075,-0.011712860838999738,1,0.20100946582774434,0.041967997835920166,11.470412508278292
230,784,-0.19049600623940308,-0.05773040867099137,-0.40445980026834205,-0.17365097364395896,1,0.39178852056762803,-0.21611808231326896,-0.4171300499111584,-0.012352967479659336,-0.7004394209031,-0.22111331809394075,-0.09346515838624227,0,0.11971887302975949,0.21671611336509244,12.4500590504618
231,645,-0.19049600623940308,-0.6927649040518971,-0.40445980026834205,-0.17365097364395896,0,-0.7634724451813779,-0.21611808231326896,-0.6763634142627257,-0.34211858272069695,-0.3166487057508011,-0.22111331809394075,-0.3823677781498091,1,-0.6931870549500889,-0.7246391174182162,11.586368605764452
232,17,-0.19049600623940308,1.085331683014639,-0.24287174447106255,-0.17365097364395896,1,5.081300956794028,-0.21611808231326896,0.23095336096776006,0.5095125285693773,8.4819714557143,-0.22111331809394075,0.36373323345512065,0,1.5829495433934868,4.037928110087399,9.760787755859573
233,549,-0.19049600623940308,-0.05773040867099137,-0.7276359118629011,-0.17365097364395896,0,-0.4339353032877082,-0.21611808231326896,-0.546746732086942,-0.899297418568352,-0.7004394209031,-0.22111331809394075,-0.8705036477296099,1,0.11971887302975949,-0.45611839226944967,11.335072927391085
234,1003,-0.19049600623940308,-1.01028215174235,-0.5660478560656216,-0.17365097364395896,1,-0.9730167293457558,-0.21611808231326896,-0.6763634142627257,-0.8839340696917081,-0.7004394209031,-0.22111331809394075,-0.8570440523877493,0,-1.0996400189400133,-0.8953846146063703,11.985863400385423
235,879,-0.19049600623940308,0.06927649040518975,-0.5660478560656216,-0.17365097364395896,0,0.24636582513361668,-0.21611808231326896,0.49018672531932744,-0.3898389487104628,-0.03677244415959401,-0.22111331809394075,-0.4241748620704371,1,0.2823000586257292,0.09821958394010669,11.29448413090609
236,892,-0.19049600623940308,-0.24824075728526307,-0.40445980026834205,-0.17365097364395896,0,-0.025436374907746678,-0.21611808231326896,-0.6763634142627257,-0.24436704691603187,-0.12691313877807825,-0.22111331809394075,-0.29672915036492703,1,-0.12415290536419504,-0.12325628197514293,11.661963234106008
237,1459,-0.19049600623940308,-0.5022545554376253,-0.5660478560656216,-0.17365097364395896,1,-0.5111449778478051,-0.21611808231326896,-0.6763634142627257,-0.1984879466279687,-0.35361617072824425,-0.22111331809394075,-0.2565351712081596,0,-0.4493152765561344,-0.5190320829151831,12.044697197634218
238,60,-0.19049600623940308,-0.9467787022042593,-0.5660478560656216,-0.17365097364395896,1,-0.970638492525896,-0.21611808231326896,-0.6763634142627257,-0.5158622894119513,-0.7004394209031,-0.22111331809394075,-0.5345819863954043,0,-1.0183494261420283,-0.8934467272053492,12.108263262770047
239,361,-0.19049600623940308,0.1962833894813709,0.7266565903126146,0.0180039471002098,0,1.5906058126556306,1.0538976443616663,-0.0282800033838073,1.5023420531033111,1.2714901507915,-0.22111331809394075,1.7468342355294493,1,0.4448812442216989,1.1935628710401938,11.728008625278406
240,1053,-0.19049600623940308,0.1962833894813709,-0.40445980026834205,-0.17365097364395896,0,0.8541826193525587,-0.21611808231326896,-0.6763634142627257,0.8902825870022788,0.6066006510649223,-0.22111331809394075,0.6973200670259423,1,0.4448812442216989,0.5934942755981766,11.996044218822753
241,1481,-0.19049600623940308,-0.5657580049757159,0.0803043671234965,-0.17365097364395896,0,-0.8141422940519225,-0.21611808231326896,-0.6763634142627257,-0.7504937941321299,-0.7004394209031,-0.22111331809394075,-0.5423994179336203,1,-0.6931870549500889,-0.5589997773601709,11.554200501297275
242,1208,-0.19049600623940308,-0.5657580049757159,-0.40445980026834205,-0.17365097364395896,1,-0.5174762766689666,-0.21611808231326896,-0.6763634142627257,0.0096438561620502,-0.2562560703870607,-0.22111331809394075,-0.07419407710045693,0,-0.5306058693541192,-0.5241910915198652,12.101025455042027
243,1125,-0.19049600623940308,-0.12123385820908193,-0.24287174447106255,-0.17365097364395896,1,1.4011468194517054,-0.21611808231326896,0.23095336096776006,0.6291713606976183,2.710073695738034,-0.22111331809394075,0.46856450900951513,0,0.03842828023177465,1.039183713811573,11.455295903097614
244,1161,-0.19049600623940308,-0.9467787022042593,-0.40445980026834205,-0.17365097364395896,1,-0.9081557251677601,-0.21611808231326896,-0.6763634142627257,-0.745412638531271,-0.7004394209031,-0.22111331809394075,-0.7351856346869462,0,-1.0183494261420283,-0.8425331400330663,12.019890234361046
245,810,-0.19049600623940308,-0.1847373077471725,-0.24287174447106255,-0.17365097364395896,1,0.1203625143504972,-0.21611808231326896,-0.4171300499111584,-0.0037787095219183825,0.40219480829533955,0.45927862597599967,0.002382954870911119,0,-0.12415290536419504,-0.002374389331081876,11.877253017754661
246,371,-0.19049600623940308,0.32329028855755204,-0.24287174447106255,-0.17365097364395896,0,0.3917712242998472,-0.21611808231326896,0.49018672531932744,1.4917052086917435,0.8491492109063413,-0.22111331809394075,1.224217241748531,1,0.6074624298176686,0.21670201963853955,11.54473291781119
247,653,-0.19049600623940308,-1.01028215174235,-0.7276359118629011,-0.17365097364395896,0,-0.9730167293457558,-0.21611808231326896,-0.6763634142627257,-0.8993051033166897,-0.7004394209031,-0.22111331809394075,-0.8539636012829731,1,-1.0996400189400133,-0.8953846146063703,11.671853382794573
248,1340,-0.19049600623940308,0.32329028855755204,-0.40445980026834205,-0.17365097364395896,0,5.377264745705082,-0.21611808231326896,0.10133667879197639,5.365895388350416,6.614730602136736,-0.22111331809394075,4.618336096582937,1,0.6074624298176686,4.279091854967531,13.20764064058364
249,1216,-0.19049600623940308,1.9743799765479069,-0.40445980026834205,-0.17365097364395896,1,0.20957147468352333,-0.21611808231326896,3.2121370510107847,0.051184916013505985,0.11041932300223478,2.8520548961884953,-0.006695808793804341,0,2.5584366569693047,0.07285369489023126,10.141688836688658
250,1464,-0.19049600623940308,0.13277993994328033,1.0498327019071736,-0.17365097364395896,1,-0.4623050741084689,-0.21611808231326896,-0.6763634142627257,-0.14632541186162018,0.1233968119752015,-0.22111331809394075,-0.15671791807816016,0,0.20100946582774434,-0.4226947674061283,11.28895070334133
251,992,-0.19049600623940308,-0.8832752526661687,0.0803043671234965,-0.17365097364395896,0,-0.851986095549616,-0.21611808231326896,-0.546746732086942,-0.7179438898357329,-0.7004394209031,-0.22111331809394075,-0.7116225906008227,1,-0.9370588333440435,-0.7967637630525851,11.594829981869037
252,1099,-0.19049600623940308,-0.5657580049757159,-0.40445980026834205,-0.17365097364395896,1,-0.5449790720672149,-0.21611808231326896,0.10133667879197639,-0.6034403711298092,-0.7004394209031,-0.22111331809394075,-0.6113078064105173,0,-0.5306058693541192,-0.5466015261116014,11.888751088426211
253,745,-0.19049600623940308,-0.6292614545138064,-0.5660478560656216,-0.17365097364395896,0,0.26141790216985683,-0.21611808231326896,-0.6763634142627257,0.071117232014304,-0.1727169998771634,-0.22111331809394075,-0.020338191257279443,1,-0.6118964621521041,0.1104846494727514,12.25031594590465
254,1140,-0.19049600623940308,0.1962833894813709,-0.08128368867378302,-0.17365097364395896,1,-0.09462836453805423,-0.21611808231326896,1.008653454022462,-0.3232905650560203,0.11457590114467854,-0.22111331809394075,-0.3658728393906425,0,0.4448812442216989,-0.17963682567728828,11.139174833089196
255,825,-0.19049600623940308,-0.8197718031280782,-0.5660478560656216,-0.17365097364395896,0,-0.451188330399055,-0.21611808231326896,-0.6763634142627257,-0.47418405680266834,-0.7004394209031,-0.22111331809394075,-0.4980683232618603,1,-0.8557682405460587,-0.4701768845059485,12.001748478913893
256,1548,-0.19049600623940308,2.9269317196192652,3.312065483069087,-0.17365097364395896,0,1.4817072134876377,-0.21611808231326896,2.8232870044834337,1.2819672934991542,-0.29431728592669193,-0.22111331809394075,2.296027062970061,1,0.2823000586257292,2.8615212312867775,11.646884908259437
257,1128,-0.19049600623940308,0.06927649040518975,-0.40445980026834205,-0.17365097364395896,1,0.03416742867827519,-0.21611808231326896,-0.0282800033838073,0.15735739904657572,0.7316883876774934,-0.22111331809394075,0.05521550213267452,0,0.2823000586257292,-0.07468859558758709,11.439685120209708
258,1371,-0.19049600623940308,-0.6292614545138064,0.0803043671234965,-0.17365097364395896,0,-0.9730162969390611,-0.21611808231326896,-0.6763634142627257,-0.8993051033166897,-0.7004394209031,-0.22111331809394075,-0.8661255090487315,1,-1.0183494261420283,-0.889984603277634,11.426236170184689
259,877,-0.19049600623940308,-0.1847373077471725,0.40348047871805554,-0.17365097364395896,1,0.6223045294162244,-0.21611808231326896,0.23095336096776006,0.46944348226199983,1.4483484756758678,-0.22111331809394075,0.3286293538672877,0,-0.042862312566210196,0.40455025399861483,11.539854444983735
260,1100,-0.19049600623940308,-0.6292614545138064,-0.5660478560656216,-0.17365097364395896,1,-0.8476187879349643,-0.21611808231326896,-0.4171300499111584,-0.8608809773909876,-0.6467299111801513,-0.22111331809394075,-0.8368475902597576,0,-0.6118964621521041,-0.7932050970979826,11.744435906818378
261,85,-0.19049600623940308,-0.6292614545138064,-0.40445980026834205,-0.17365097364395896,1,-0.8274253953008815,-0.21611808231326896,-0.546746732086942,-0.6879015189219132,-0.6337711675595916,-0.22111331809394075,-0.6853029282110152,0,-0.6118964621521041,-0.7767506713474939,11.827981933943045
262,913,-0.19049600623940308,-0.9467787022042593,-0.5660478560656216,0.0180039471002098,0,-0.970638492525896,5.6926073315934325,-0.6763634142627257,-0.8839198529072835,-0.7004394209031,-0.22111331809394075,-0.8570315972800149,1,-1.0183494261420283,-0.8934467272053492,9.756314967572301
263,157,-0.19049600623940308,0.13277993994328033,-0.40445980026834205,-0.17365097364395896,0,0.3303867699457921,-0.21611808231326896,0.10133667879197639,0.2023097186851175,0.08303480818142941,-0.22111331809394075,0.09459754291497804,1,0.36359065142371405,0.1666833841023646,11.554060737604008
264,1454,-0.19049600623940308,-0.7562683535899876,-0.7276359118629011,-0.17365097364395896,1,-0.8838112282662858,-0.21611808231326896,-0.6763634142627257,-0.8992662953375845,-0.5358063258494488,-0.22111331809394075,-0.8704763811424078,0,-0.7744776477480738,-0.8226962199098862,11.80586275939307
265,1067,-0.19049600623940308,0.6408075362480048,0.0803043671234965,-0.17365097364395896,1,0.26438810375451444,-0.21611808231326896,-0.28751336773537467,0.006001285450000809,-0.1783406055992931,2.798082184906196,-0.04159300091815442,0,0.7700436154136383,0.12118495901486256,11.794379039166389
266,552,-0.19049600623940308,0.5773040867099143,-0.5660478560656216,-0.17365097364395896,0,-0.4744859706930965,-0.21611808231326896,1.008653454022462,-0.43821712915793204,-0.6759889612416666,-0.22111331809394075,-0.46655824719217703,1,0.932624801009608,-0.4891607818295155,10.76779807412001
267,1305,-0.19049600623940308,-0.05773040867099137,-0.24287174447106255,-0.17365097364395896,0,-0.25259690780686805,-0.21611808231326896,0.23095336096776006,-0.10792011356934539,-0.33205249533750414,-0.22111331809394075,-0.1771900756989735,1,0.11971887302975949,-0.3083562396574064,11.375873639207288
268,742,-0.19049600623940308,-0.7562683535899876,-0.5660478560656216,-0.17365097364395896,0,-0.286026269360207,-0.21611808231326896,-0.6763634142627257,-0.2845248520667093,-0.37443329208398857,-0.22111331809394075,-0.33191079021996617,1,-0.7744776477480738,-0.3355958896524872,11.971370452314654
269,988,-0.19049600623940308,-0.5657580049757159,-0.5660478560656216,-0.17365097364395896,1,-0.5035428357514495,-0.21611808231326896,-0.4171300499111584,-0.45742669457757335,-0.34183267920207744,-0.22111331809394075,-0.4833874541129699,0,-0.5306058693541192,-0.512837537752028,11.918767716845705
270,35,-0.19049600623940308,0.32329028855755204,-0.7276359118629011,-0.17365097364395896,0,-0.12762704902365127,-0.21611808231326896,0.49018672531932744,-0.8992624529634157,-0.13954587626981885,-0.22111331809394075,-0.8704730148970742,1,0.6074624298176686,-0.20652554188120242,10.774098152458237
271,8,-0.19049600623940308,1.656862728857454,3.1504774272718072,-0.17365097364395896,1,-0.42208563023108286,-0.21611808231326896,-0.546746732086942,-0.4059042993477517,-0.7004394209031,-0.22111331809394075,-0.2586084417091229,0,0.8513342082116231,-0.24936060499337376,10.740201768709749
272,1428,-0.19049600623940308,-0.6292614545138064,0.0803043671234965,-0.17365097364395896,1,-0.9719344153893723,-0.21611808231326896,-0.6763634142627257,-0.8992897338200143,-0.7004394209031,-0.22111331809394075,-0.8704632527856068,0,-1.0183494261420283,-0.8944674653509416,11.759201401435227
273,212,-0.19049600623940308,-0.5022545554376253,-0.5660478560656216,-0.17365097364395896,1,-0.6582095215009087,-0.21611808231326896,-0.4171300499111584,-0.5006468719408073,-0.6596886548007111,-0.22111331809394075,-0.5212519914988872,0,-0.4493152765561344,-0.6388664593332011,11.934057124806126
274,758,-0.19049600623940308,0.45029718763373316,-0.24287174447106255,-0.17365097364395896,0,0.22334622234415155,-0.21611808231326896,1.008653454022462,-0.14296218175164468,-0.5374363564935443,-0.22111331809394075,-0.13976449670455748,1,0.7700436154136383,0.07946224327087731,11.271532690712107
275,1547,-0.19049600623940308,-1.01028215174235,-0.7276359118629011,-0.17365097364395896,0,-0.9730167293457558,-0.21611808231326896,-0.6763634142627257,-0.899304334841856,-0.7004394209031,-0.22111331809394075,-0.8705097069712104,1,-1.0996400189400133,-0.8953846146063703,11.667443010592466
276,321,-0.19049600623940308,1.3393454811670011,-0.08128368867378302,-0.17365097364395896,1,1.4691514202988614,-0.21611808231326896,0.36057004314354374,1.3049719718853474,1.711353920100686,-0.22111331809394075,1.4010286046467308,0,1.9081119145854262,1.094596723185863,11.406712895471646
277,606,-0.19049600623940308,-0.5657580049757159,-0.40445980026834205,-0.17365097364395896,0,-0.6304131219570815,-0.21611808231326896,-0.157896685559591,-0.5751493543621417,-0.211022720013409,-0.22111331809394075,-0.5857105402693003,1,-0.5306058693541192,-0.6162167837332297,11.32183479795929
278,71,-0.19049600623940308,-0.6292614545138064,-0.5660478560656216,-0.17365097364395896,1,-0.6079789978319964,-0.21611808231326896,-0.6763634142627257,-0.6072827452986377,-0.4258607589052034,-0.22111331809394075,-0.6146740517441159,0,-0.6118964621521041,-0.5979365157078154,11.928807085546701
279,1016,-0.19049600623940308,-0.24824075728526307,-0.40445980026834205,-0.17365097364395896,0,-0.057286587212698546,-0.21611808231326896,-0.6763634142627257,-0.09121423915811279,-0.25482816354283294,0.060382198098419514,-0.11915768927040024,1,-0.2867340909601647,-0.14434683907520168,11.84649460755388
280,1531,-0.19049600623940308,-0.12123385820908193,-0.5660478560656216,0.20965886784437857,1,-0.2135938239611666,1.5110353072059441,-0.4171300499111584,-0.024157125163717316,0.21148122293615929,-0.22111331809394075,-0.10380660067559044,0,0.03842828023177465,-0.2765748862806595,11.027018425852496
281,1283,-0.19049600623940308,0.13277993994328033,0.0803043671234965,-0.17365097364395896,0,4.061931145711728,-0.21611808231326896,-0.157896685559591,0.8612134894654233,7.822664810943748,-0.22111331809394075,0.6718530745791353,1,0.36359065142371405,3.207302708368946,9.98499403086011
282,190,-0.19049600623940308,-0.6927649040518971,-0.40445980026834205,-0.17365097364395896,0,-0.6703796079181734,-0.21611808231326896,-0.4171300499111584,-0.5150619228725843,-0.24639438499028257,-0.22111331809394075,-0.5333334460011726,1,-0.6931870549500889,-0.6487831576789721,11.475932773985152
283,15,-0.19049600623940308,-0.8832752526661687,-0.5660478560656216,-0.17365097364395896,0,-0.9478290393899674,-0.21611808231326896,-0.546746732086942,-0.8482687684192248,-0.7004394209031,-0.22111331809394075,-0.8257982265767536,1,-0.9370588333440435,-0.8748606253137372,11.574626288865348
284,1560,-0.19049600623940308,-0.6927649040518971,0.0803043671234965,0.7846236300768848,0,-0.968044052358776,-0.21611808231326896,-0.6763634142627257,0.04447382529023009,-0.7004394209031,-0.22111331809394075,-0.04367603353058527,1,-1.0183494261420283,-0.8913270307317959,11.458614893052449
285,142,-0.19049600623940308,-0.8832752526661687,-0.7276359118629011,-0.17365097364395896,1,-0.09146920122789128,-0.21611808231326896,-0.6763634142627257,-0.13083026955098537,0.9561607226912145,-0.22111331809394075,-0.19726131350055512,0,-0.9370588333440435,-0.17706260652240452,11.91031299690314
286,896,-0.19049600623940308,-0.6292614545138064,-0.40445980026834205,-0.17365097364395896,0,-0.19913846816336403,-0.21611808231326896,-0.6763634142627257,-0.4510598805798245,-0.46783404799066397,-0.22111331809394075,-0.476941430923662,1,-0.6931870549500889,-0.26372704515505313,11.913576625327888
287,31,6.182556636049307,1.9108765270098163,0.0803043671234965,-0.17365097364395896,1,2.292928549215468,-0.21611808231326896,2.175203593604515,0.23690952960058453,1.2252119507749832,0.2758214510313401,0.28398317863230266,0,2.2332742857773655,1.8834571279806707,8.859049224075946
288,1164,-0.19049600623940308,-0.12123385820908193,-0.5660478560656216,-0.17365097364395896,1,0.39360030461766676,-0.21611808231326896,-0.4171300499111584,-0.21589659127468017,1.0075881895124292,-0.22111331809394075,-0.2717866189410949,0,0.03842828023177465,0.2181924312215068,11.557757156727503
289,1233,-0.19049600623940308,-0.5657580049757159,-0.5660478560656216,-0.17365097364395896,1,0.04309576210672359,-0.21611808231326896,-0.546746732086942,0.09971371752839343,-0.7004394209031,-0.22111331809394075,0.0047147530134948904,0,-0.5306058693541192,-0.06741341394098985,12.676880496321704
290,560,-0.19049600623940308,-0.6927649040518971,-0.5660478560656216,-0.17365097364395896,0,-0.9213441293506192,-0.21611808231326896,-0.546746732086942,-0.8704869128130589,-0.7004394209031,-0.22111331809394075,-0.8452632035937542,1,-0.6931870549500889,-0.8532796065296381,11.457993219960885
291,934,7.165686764190183,0.8313178848622765,-0.08128368867378302,-0.17365097364395896,0,0.1219204756708526,-0.21611808231326896,-0.157896685559591,0.0767459259342209,-0.15486816432431705,2.1642426315308283,0.025585137457272842,1,0.932624801009608,0.00435642212741029,8.793403157805624
292,1580,7.173498746056423,0.6408075362480048,0.7266565903126146,-0.17365097364395896,1,-0.06180610198382128,-0.21611808231326896,-0.6763634142627257,0.09287505998271249,-0.08167978840442651,1.8452445904673425,0.13980217825080718,0,0.20100946582774434,0.1812510122105863,9.301503982801002
293,1382,-0.19049600623940308,1.0218282334765483,3.4736535388663663,-0.17365097364395896,1,0.20349745784560122,-0.21611808231326896,0.36057004314354374,0.183956618467708,-0.33376402751380446,-0.22111331809394075,0.45956788173093943,0,0.5261718370196837,0.5096545721098894,11.300368700343856
294,1388,-0.19049600623940308,0.06927649040518975,-0.24287174447106255,-0.17365097364395896,0,0.15573813843587048,-0.21611808231326896,-0.6763634142627257,0.06952110978457256,-0.37337295715000446,-0.22111331809394075,-0.02151435737683878,1,0.2823000586257292,0.0243723325778119,11.8008728904461
295,824,-0.19049600623940308,-0.8197718031280782,-0.24287174447106255,0.0180039471002098,1,-0.9613482346941342,0.17414187529735523,-0.6763634142627257,-0.03435786010712335,-0.7004394209031,-0.22111331809394075,-0.11273421992482732,0,-0.8557682405460587,-0.8858766343306329,12.001018103441686
296,1402,-0.19049600623940308,-0.6927649040518971,-0.7276359118629011,-0.17365097364395896,0,-0.7439925235932533,-0.21611808231326896,-0.28751336773537467,-0.7071863948752637,-0.7004394209031,-0.22111331809394075,-0.7021981135403467,1,-0.6931870549500889,-0.7087660578880339,11.600545419747354
297,90,-0.19049600623940308,-0.7562683535899876,-0.5660478560656216,-0.17365097364395896,1,-0.8774245813882258,-0.21611808231326896,-0.546746732086942,-0.7840334940144171,-0.6186933841017078,-0.22111331809394075,-0.7695226835877854,0,-0.7744776477480738,-0.8174921113802349,11.853929467496458
298,80,-0.19049600623940308,-0.6292614545138064,-0.5660478560656216,-0.17365097364395896,0,-0.9504710442934844,-0.21611808231326896,0.10133667879197639,-0.8724080998974731,-0.7004394209031,-0.22111331809394075,-0.8469463262605534,1,-0.6118964621521041,-0.8770134420446898,11.272647292446248
299,462,-0.19049600623940308,-0.3752476563614442,-0.08128368867378302,-0.17365097364395896,1,0.05249455401880964,-0.21611808231326896,-0.6763634142627257,0.017270200412341157,-0.5364583381070869,-0.22111331809394075,0.2622904204535264,0,-0.36802468375814956,0.284004849076004,12.561759688405198
300,481,-0.19049600623940308,0.45029718763373316,0.5650685345153351,-0.17365097364395896,1,0.6603991267967393,-0.21611808231326896,-0.157896685559591,1.2562571994606888,1.5974954645952892,-0.22111331809394075,1.019302106433716,0,0.6074624298176686,0.4370007070434596,11.525216965685587
301,619,-0.19049600623940308,-0.8832752526661687,-0.24287174447106255,0.20965886784437857,0,-0.7542089965646765,-0.0904158944861297,-0.6763634142627257,-0.3779425740463528,-0.28802292259451695,-0.22111331809394075,-0.40560766268390724,1,-0.9370588333440435,-0.717090869819657,11.464421408892939
302,1418,-0.19049600623940308,0.45029718763373316,-0.5660478560656216,-0.17365097364395896,0,0.29192376206154647,-0.21611808231326896,1.397503500549813,1.2670415910403396,0.18588811179321502,-0.22111331809394075,1.02739287709302,1,0.7700436154136383,0.13534210733723173,11.512443691873516
303,1378,-0.19049600623940308,0.8313178848622765,-0.5660478560656216,-0.17365097364395896,0,0.6551475474917945,-0.21611808231326896,2.69367032230765,-0.8416621902733411,-0.7004394209031,-0.22111331809394075,-0.8200103043501642,1,1.2577871722015475,0.43131212666355323,10.74098148647665
304,466,-0.19049600623940308,-0.8197718031280782,-0.5660478560656216,-0.17365097364395896,1,-0.9559366649122168,-0.21611808231326896,-0.4171300499111584,-0.8189218672299632,-0.7004394209031,-0.22111331809394075,-0.8000878545923275,0,-0.8557682405460587,-0.8814670596354002,11.851218274360658
305,588,-0.19049600623940308,-0.31174420682335363,0.0803043671234965,-0.17365097364395896,1,-0.26300666657074184,-0.21611808231326896,-0.6763634142627257,-0.18017365438966434,-0.20833316945065133,-0.22111331809394075,-0.22801802386457892,0,-0.36802468375814956,-0.3037905769406006,11.956195524895914
306,534,-0.19049600623940308,0.5138006371718237,1.8577729808935712,-0.17365097364395896,1,1.5856106505205358,-0.21611808231326896,-0.157896685559591,1.4976478245812537,3.062716970327633,-0.22111331809394075,1.2294234767814747,0,0.8513342082116231,1.1894926028117216,11.1371618939184
307,1334,-0.17083622281534072,1.1488351325527295,0.7266565903126146,-0.17365097364395896,1,0.7807063441929473,-0.21611808231326896,1.915970229252948,-0.3589320436086568,0.8455631434893308,-0.22111331809394075,-0.039430861540384075,0,-0.20544349816217988,0.7862879986056579,10.991209806219313
308,1593,-0.19049600623940308,-0.31174420682335363,-0.40445980026834205,-0.17365097364395896,1,-0.5617689916087307,-0.21611808231326896,0.10133667879197639,-0.42311121935059964,-0.07357283099601723,-0.22111331809394075,-0.45199385013182936,0,-0.20544349816217988,-0.5602826588196469,11.478381966184667
309,1615,-0.19049600623940308,0.005773040867099194,-0.08128368867378302,-0.17365097364395896,0,1.3000920777223044,-0.21611808231326896,-0.546746732086942,0.7116229467994251,3.1671342883424276,-0.22111331809394075,0.5408149058536089,1,0.20100946582774434,0.9568400593968736,10.917956466101172
310,162,-0.19049600623940308,-0.6292614545138064,-0.5660478560656216,-0.17365097364395896,1,-0.5119847116485629,-0.21611808231326896,-0.6763634142627257,-0.3613319905145071,-0.2389777455596478,-0.22111331809394075,-0.3992003513159356,0,-0.6118964621521041,-0.5197163333393255,11.99564496672661
311,193,-0.19049600623940308,-0.6292614545138064,0.0803043671234965,-0.17365097364395896,1,0.8124769936661077,-0.21611808231326896,-0.6763634142627257,0.06744584349598833,2.6592167396422526,-0.22111331809394075,-0.01986355066524198,0,-0.6118964621521041,0.5595107774475423,11.363936990619901
312,1239,-0.19049600623940308,-0.6292614545138064,-0.24287174447106255,-0.17365097364395896,1,-0.818881039017167,-0.21611808231326896,-0.0282800033838073,-0.6823857908025599,-0.5781871225959332,-0.22111331809394075,-0.6804706830346344,0,-0.6118964621521041,-0.7697883704303707,11.682189758549358
313,172,0.11040996194171732,-0.6927649040518971,0.0803043671234965,-0.17365097364395896,1,-0.9529530587200291,-0.21611808231326896,-0.6763634142627257,-0.7840296516402484,-0.6642527406041786,-0.22111331809394075,-0.7668545975363752,0,-0.8557682405460587,-0.8776265191497401,11.674096924737896
314,1171,-0.19049600623940308,-0.3752476563614442,-0.24287174447106255,-0.17365097364395896,1,-0.4623011824482183,-0.21611808231326896,-0.28751336773537467,-0.3443871204299734,-0.42251919608480754,-0.22111331809394075,-0.3843552093947658,0,-0.2867340909601647,-0.47923210381617465,11.839897718219435
315,195,-0.19049600623940308,0.13277993994328033,0.40348047871805554,-0.17365097364395896,0,4.224165813428677,-0.21611808231326896,-0.546746732086942,2.704859157728223,8.957818151491894,-0.22111331809394075,2.2870428907992197,1,0.36359065142371405,3.3394983400033325,10.34032672718847
316,573,-0.19049600623940308,-0.12123385820908193,-0.40445980026834205,-0.17365097364395896,1,-0.1090703157283267,-0.21611808231326896,-0.157896685559591,-0.08060813373989525,-0.17956312858236476,-0.22111331809394075,-0.1532624672432211,0,0.03842828023177465,-0.19140473500578012,11.864902760442343
317,621,-0.19049600623940308,-0.9467787022042593,-0.40445980026834205,-0.17365097364395896,1,-0.9730167293457558,-0.21611808231326896,-0.6763634142627257,-0.8993024136547715,-0.7004394209031,-0.22111331809394075,-0.863537539636261,0,-1.0996400189400133,-0.8950995689868383,11.940488857235513
