,Client,Predicted_revenue,Sale_CC,Sale_CC_probability,Sale_CL,Sale_CL_probability,Sale_MF,Sale_MF_probability,Predicted_Revenue_CC,Predicted_Revenue_CL,Predicted_Revenue_MF,Predicted_max_Revenue,Max_Revenue_product
208,574,13.849549063849178,1,0.9413653,0,0.07922292,1,0.67096144,13.0374849093551,1.0972017175213984,9.292513383230897,13.0374849093551,Predicted_Revenue_CC
44,393,15.352899692799271,1,0.8233881,0,0.3145011,1,0.61127174,12.641394907544575,4.828503841575032,9.384793709262874,12.641394907544575,Predicted_Revenue_CC
57,736,12.813702642872162,0,0.12383253,1,0.9684294,1,0.5786422,1.5867532169345462,12.409166362215101,7.414549087417362,12.409166362215101,Predicted_Revenue_CL
248,1340,13.20764064058364,1,0.5578862,1,0.929699,1,0.5484308,7.368360447940773,12.27913029590997,7.243476922627798,12.27913029590997,Predicted_Revenue_CL
125,149,12.289942268173284,0,0.13484395,1,0.99223036,1,0.7088043,1.6572243607124448,12.194453841128794,8.711163926432977,12.194453841128794,Predicted_Revenue_CL
299,462,12.561759688405198,0,0.23478036,1,0.9546975,0,0.33822513,2.9492544618772603,11.992680570121221,4.248702803639607,11.992680570121221,Predicted_Revenue_CL
238,60,12.108263262770048,0,0.009907227,1,0.9896668,0,0.39375108,0.11995931272002351,11.983146156823192,4.76764173664003,11.983146156823192,Predicted_Revenue_CL
148,1452,12.469350447587807,0,0.41066042,1,0.96095824,1,0.7354666,5.120668691933597,11.98252506005719,9.170790777895883,11.98252506005719,Predicted_Revenue_CL
211,6,12.25857764761616,0,0.06737094,1,0.97096515,1,0.53504884,0.8258718991828895,11.902651684404272,6.5589377504069555,11.902651684404272,Predicted_Revenue_CL
285,142,11.91031299690314,0,0.014964542,1,0.99535275,0,0.41424218,0.17823237907530293,11.854962794828282,4.9337540203194905,11.854962794828282,Predicted_Revenue_CL
153,1472,12.948318115605932,0,0.24523975,1,0.7673985,1,0.913278,3.17544229759167,9.936519899438819,11.825414071984355,11.825414071984355,Predicted_Revenue_MF
26,247,12.833182821231196,1,0.80554724,1,0.91896594,1,0.6177585,10.337735002058203,11.793257914504577,7.927807769869552,11.793257914504577,Predicted_Revenue_CL
174,177,12.028522631524828,0,0.003811397,1,0.97842515,0,0.31644565,0.04584547507222583,11.769009060028074,3.806373662672585,11.769009060028074,Predicted_Revenue_CL
150,1612,12.345965534429784,1,0.9522574,0,0.19560726,0,0.31642702,11.756537040305716,2.414960490244246,3.906597083082324,11.756537040305716,Predicted_Revenue_CC
127,1081,12.163251631255765,0,0.1282245,1,0.9662543,1,0.6024893,1.5596268587919546,11.752794190682897,7.328228961039144,11.752794190682897,Predicted_Revenue_CL
71,930,11.940301906867896,1,0.9823054,0,0.30590442,1,0.7633063,11.72902304074663,3.6525911294453177,9.114107669414278,11.72902304074663,Predicted_Revenue_CC
104,1462,12.643198800594886,0,0.06408841,1,0.7691371,1,0.926648,0.8102825084440333,9.724353260213029,11.71579488217365,11.71579488217365,Predicted_Revenue_MF
82,1109,11.984700439923175,0,0.12345684,1,0.97409034,0,0.2713454,1.479593244659525,11.674180926322917,3.25199333475113,11.674180926322917,Predicted_Revenue_CL
105,995,11.96254259336517,0,0.00913143,1,0.9757169,1,0.8178795,0.1092351203133325,11.672054975316223,9.783918354990208,11.672054975316223,Predicted_Revenue_CL
135,612,12.983726249230177,1,0.7205651,1,0.89773613,0,0.44542998,9.355620003149166,11.655960155963314,5.783340923520073,11.655960155963314,Predicted_Revenue_CL
32,457,12.927236370066032,1,0.9015207,1,0.83634806,1,0.7245364,11.654171181407387,10.811669059266167,9.36625330151671,11.654171181407387,Predicted_Revenue_CC
297,90,11.853929467496458,0,0.030544512,1,0.97516567,1,0.5801413,0.3620724908670992,11.559545071303926,6.876954051381703,11.559545071303926,Predicted_Revenue_CL
144,113,12.216805192325422,1,0.9442287,1,0.65894413,0,0.2846789,11.535458084902684,8.050192068836358,3.47786666366549,11.535458084902684,Predicted_Revenue_CC
31,238,11.532695435900774,0,0.13696612,1,0.99747413,0,0.17309086,1.5795885469970377,11.503565346480094,1.99620417111814,11.503565346480094,Predicted_Revenue_CL
141,280,11.628208433729997,0,0.23143871,1,0.9887504,0,0.45729765,2.691217559513591,11.497395740133909,5.3175523904549085,11.497395740133909,Predicted_Revenue_CL
177,1387,11.867875389417405,1,0.96859086,1,0.8061866,0,0.26548937,11.49511562980864,9.567722109418094,3.1507947603749313,11.49511562980864,Predicted_Revenue_CC
155,442,12.16486265085876,0,0.24075456,1,0.9444907,0,0.45597845,2.9287461549679343,11.489599640513447,5.5469152160014685,11.489599640513447,Predicted_Revenue_CL
272,1428,11.759201401435227,1,0.97178024,0,0.03734866,0,0.241635,11.427359560095061,0.4391904150137278,2.841434630635801,11.427359560095061,Predicted_Revenue_CC
279,1016,11.84649460755388,1,0.9634703,0,0.3112553,0,0.25932038,11.41374571348832,3.6872842330225657,3.0720374832988235,11.41374571348832,Predicted_Revenue_CC
273,212,11.934057124806126,0,0.3287303,1,0.95516557,0,0.27029288,3.9230861788546547,11.399000476028004,3.225690670348367,11.399000476028004,Predicted_Revenue_CL
294,1388,11.8008728904461,1,0.965331,1,0.7014399,0,0.14579086,11.391748428207226,8.277603100187225,1.7204594074488229,11.391748428207226,Predicted_Revenue_CC
229,1006,11.470412508278292,0,0.012794819,1,0.9930928,1,0.57269466,0.14676185189875676,11.391184075001112,6.569043991488184,11.391184075001112,Predicted_Revenue_CL
256,1548,11.646884908259436,0,0.1564294,0,0.16830337,1,0.97797024,1.8219152180680784,1.960209980062204,11.390306828982858,11.390306828982858,Predicted_Revenue_MF
15,550,11.983359908024704,1,0.94854075,1,0.6315378,0,0.22058114,11.366705194677685,7.567944752922124,2.6433031895423844,11.366705194677685,Predicted_Revenue_CC
185,173,11.628218220256423,1,0.63144827,1,0.9760583,0,0.23601232,7.342618278363398,11.34981890809251,2.7444027596289895,11.34981890809251,Predicted_Revenue_CL
60,1236,11.669426438141844,1,0.7974658,1,0.9712002,0,0.29288206,9.305968490033937,11.333349290608647,3.417765654221446,11.333349290608647,Predicted_Revenue_CL
295,824,12.001018103441686,0,0.087299705,1,0.94371414,0,0.14208934,1.0476853401301187,11.325530478613901,1.7052167416460808,11.325530478613901,Predicted_Revenue_CL
56,1294,13.469491349833389,1,0.79708385,1,0.8407354,0,0.30485204,10.736314022666894,11.324278197798714,4.106201915759062,11.324278197798714,Predicted_Revenue_CL
92,1020,11.66744351679211,0,0.040419593,1,0.9699564,1,0.6944793,0.47159331829922574,11.316911510751016,8.102798006331323,11.316911510751016,Predicted_Revenue_CL
80,1539,11.99082308544367,1,0.62339336,1,0.9430955,0,0.07131351,7.474999492400297,11.30849129317804,0.855107682012018,11.30849129317804,Predicted_Revenue_CL
286,896,11.913576625327888,0,0.026154332,1,0.94812393,1,0.51345944,0.3115916383662652,11.295547090362014,6.117138382437947,11.295547090362014,Predicted_Revenue_CL
244,1161,12.019890234361046,1,0.703886,1,0.93947583,1,0.53375554,8.46063245750346,11.292396354435239,6.4156830027821075,11.292396354435239,Predicted_Revenue_CL
263,157,11.554060737604008,0,0.27012008,1,0.97571725,1,0.8243092,3.1209838107664534,11.273496369227955,9.52411856336577,11.273496369227955,Predicted_Revenue_CL
143,548,12.471936217209342,0,0.08742361,1,0.9007365,0,0.35487387,1.0903416877981849,11.233928176512382,4.425964271794239,11.233928176512382,Predicted_Revenue_CL
195,920,11.88876323754824,0,0.020671023,1,0.94481957,0,0.3058974,0.24575289832491412,11.232736169932137,3.636741763581589,11.232736169932137,Predicted_Revenue_CL
93,526,11.91944432754639,1,0.7267263,1,0.93997705,1,0.60198814,8.662173674213777,11.20400411664629,7.175364120573202,11.20400411664629,Predicted_Revenue_CL
86,858,11.571298847482616,0,0.17411645,1,0.9643475,1,0.5953173,2.0147534772127647,11.158753115322742,6.888594387376464,11.158753115322742,Predicted_Revenue_CL
251,992,11.594829981869037,0,0.075940356,1,0.96230114,1,0.5679207,0.8805155165826082,11.157718109658754,6.5849439596840496,11.157718109658754,Predicted_Revenue_CL
37,1045,11.415913949988733,1,0.9771928,1,0.8195443,0,0.19471827,11.155548917348549,9.355847207003752,2.2228870148106727,11.155548917348549,Predicted_Revenue_CC
81,1570,11.92010385392101,0,0.07724435,1,0.93475735,0,0.27981934,0.9207606741286234,11.14240469021599,3.3354755931356337,11.14240469021599,Predicted_Revenue_CL
25,1034,11.18930046594943,1,0.9956477,0,0.40727454,1,0.66377765,11.140601273531479,4.55711720019134,7.427207568431817,11.140601273531479,Predicted_Revenue_CC
234,1003,11.985863400385425,0,0.029358098,1,0.9274315,0,0.41268775,0.3518821523231285,11.116067272214554,4.94641899851241,11.116067272214554,Predicted_Revenue_CL
313,172,11.674096924737896,1,0.9492741,0,0.45406199,0,0.3741054,11.081917851543334,5.30076368109937,4.36734269966784,11.081917851543334,Predicted_Revenue_CC
83,366,11.654156257984502,0,0.34852788,1,0.949368,0,0.48118132,4.061798373784072,11.06408301833023,5.607762291703243,11.06408301833023,Predicted_Revenue_CL
180,288,11.62279261092829,0,0.30451974,1,0.95183074,1,0.72434086,3.539369783953804,11.062931291726406,8.418863595401442,11.062931291726406,Predicted_Revenue_CL
45,1532,11.373561131797995,0,0.08108083,0,0.29459107,1,0.9688483,0.9221777766219209,3.3505495435267827,11.019255367488563,11.019255367488563,Predicted_Revenue_MF
194,1221,11.568370386457694,1,0.9520761,0,0.43109834,1,0.89965385,11.013968960894134,4.987105270107071,10.407528956402652,11.013968960894134,Predicted_Revenue_CC
112,78,11.204298002776495,0,0.23924084,1,0.71795,1,0.9824524,2.6805256657945713,8.044125751093384,11.007689463142974,11.007689463142974,Predicted_Revenue_MF
14,204,12.125162724622182,0,0.36316842,1,0.9075856,0,0.24890588,4.403476188943933,11.004623086523859,3.018024298115282,11.004623086523859,Predicted_Revenue_CL
134,116,12.001473414979122,0,0.23597515,1,0.91651213,1,0.56470764,2.8320494893207107,10.99949596270089,6.7773237286956,10.99949596270089,Predicted_Revenue_CL
201,1131,11.971214322309653,1,0.7151423,1,0.9142118,0,0.2143094,8.561121744249466,10.944225393784487,2.5655437586855885,10.944225393784487,Predicted_Revenue_CL
87,1152,11.067314634832533,1,0.5435359,1,0.98769635,1,0.54298013,6.015482820626872,10.931146269125676,6.009331939172271,10.931146269125676,Predicted_Revenue_CL
156,433,11.605424376358435,0,0.08713319,1,0.94184875,0,0.42719236,1.011217647215871,10.930554442092722,4.957748628138088,10.930554442092722,Predicted_Revenue_CL
196,434,11.338672769739484,1,0.9634288,0,0.24861829,1,0.6002196,10.924003900142786,2.819001434882194,6.805693634383925,10.924003900142786,Predicted_Revenue_CC
152,56,11.821102609560755,1,0.9232544,0,0.26455447,1,0.7040535,10.91388499712845,3.1273255356879623,8.322688666120383,10.91388499712845,Predicted_Revenue_CC
214,418,12.30934541323719,0,0.16281575,1,0.88529235,0,0.13949583,2.0041553054652734,10.897369327846473,1.7171023551762148,10.897369327846473,Predicted_Revenue_CL
68,771,11.869427640339666,0,0.013706156,1,0.9168257,0,0.4540897,0.16268422686920736,10.882196304953762,5.389784836373546,10.882196304953762,Predicted_Revenue_CL
224,107,12.001783075890142,0,0.26290822,1,0.90535104,1,0.69802946,3.1553674253084023,10.865826789611539,8.377598159500735,10.865826789611539,Predicted_Revenue_CL
72,687,11.795841609556197,0,0.113196835,0,0.26867503,1,0.9201695,1.3352519363630673,3.1692480983227593,10.854173675944521,10.854173675944521,Predicted_Revenue_MF
309,1615,10.917956466101172,0,0.14825283,1,0.99385625,0,0.19683136,1.6186179439162978,10.850879271062563,2.1489962196434877,10.850879271062563,Predicted_Revenue_CL
210,397,11.52015572591811,0,0.10433663,1,0.9415387,1,0.5701389,1.2019742255174992,10.846672445978493,6.568088913403653,10.846672445978493,Predicted_Revenue_CL
3,461,12.039371723747124,0,0.27109346,1,0.8953809,0,0.4880262,3.263794936816772,10.77982348944325,5.875528832727759,10.77982348944325,Predicted_Revenue_CL
258,1371,11.426236170184689,1,0.9431181,0,0.2686151,0,0.47511533,10.77629014697586,3.0692595714777773,5.428779968655235,10.77629014697586,Predicted_Revenue_CC
79,1397,11.625089409201124,0,0.061190926,1,0.9269385,1,0.5556593,0.7113499857818096,10.775742939330776,6.45958904355411,10.775742939330776,Predicted_Revenue_CL
197,1197,11.96351070601527,0,0.009185007,0,0.29017964,1,0.8994202,0.1098849295793252,3.471567229807657,10.760223191906396,10.760223191906396,Predicted_Revenue_MF
146,737,12.13758187543837,1,0.52991426,1,0.88624346,1,0.79072344,6.431877717712336,10.756852557321789,9.597470493828279,10.756852557321789,Predicted_Revenue_CL
261,85,11.827981933943043,1,0.8149698,1,0.9092666,0,0.330061,9.639448071109175,10.754788917937816,3.9039555450991745,10.754788917937816,Predicted_Revenue_CL
124,670,11.377721373624604,0,0.3219817,1,0.9427881,0,0.43628532,3.663418070005985,10.72678031616893,4.96393281036265,10.72678031616893,Predicted_Revenue_CL
278,71,11.9288070855467,1,0.8980842,1,0.5778335,0,0.3679072,10.713073168377539,6.892864349066249,4.388694014183646,10.713073168377539,Predicted_Revenue_CC
283,15,11.574626288865348,1,0.6220346,1,0.92417675,1,0.56235504,7.199818033743841,10.697000506108138,6.509049429659925,10.697000506108138,Predicted_Revenue_CL
254,1140,11.139174833089196,0,0.08729933,1,0.9468843,1,0.96011925,0.9724424996815486,10.54750976440728,10.694936186364474,10.694936186364474,Predicted_Revenue_MF
298,80,11.272647292446248,0,0.10622857,1,0.94870555,1,0.6767433,1.1974772019909365,10.694423049536228,7.62868852842614,10.694423049536228,Predicted_Revenue_CL
305,588,11.956195524895914,1,0.8940369,0,0.15714987,0,0.18710327,10.689279982871817,1.8789145724319747,2.237043279467392,10.689279982871817,Predicted_Revenue_CC
6,689,12.798544584077126,0,0.20314983,1,0.833528,1,0.6776888,2.600022156502689,10.66794527007664,8.673430320929727,10.66794527007664,Predicted_Revenue_CL
126,857,11.640347055226869,1,0.9163132,1,0.69329697,1,0.7766616,10.66620365928551,8.07021734313721,9.040610568467788,10.66620365928551,Predicted_Revenue_CC
24,761,11.153909308499472,0,0.0627553,1,0.95586073,1,0.5940038,0.6999669248276769,10.6615838939761,6.625464514104058,10.6615838939761,Predicted_Revenue_CL
228,88,11.117000899913409,0,0.09963889,1,0.95435524,1,0.5012998,1.107685629796373,10.609568061917077,5.572950327726411,10.609568061917077,Predicted_Revenue_CL
138,254,12.03073346399296,1,0.8811453,1,0.70507896,1,0.5095445,10.600824247350115,8.482617038829353,6.1301940675435596,10.600824247350115,Predicted_Revenue_CC
275,1547,11.667443010592466,0,0.041918263,0,0.1268487,1,0.90659064,0.48907894465552676,1.4799999782177407,10.57759462613655,10.57759462613655,Predicted_Revenue_MF
41,819,11.762612348025913,0,0.074973814,1,0.89858997,1,0.6680697,0.881887910334998,10.569765476934235,7.858244902561967,10.569765476934235,Predicted_Revenue_CL
277,606,11.32183479795929,1,0.9328018,0,0.123922184,0,0.26298273,10.561027878839063,1.4030264950503142,2.9774470237763326,10.561027878839063,Predicted_Revenue_CC
192,425,11.67872120716638,1,0.9041308,0,0.45973873,0,0.40689903,10.559091548012304,5.369160455806738,4.752060330836429,10.559091548012304,Predicted_Revenue_CC
306,534,11.1371618939184,0,0.31964058,1,0.94791746,0,0.3575082,3.5598888873259757,10.557110214091919,3.981626701803358,10.557110214091919,Predicted_Revenue_CL
217,220,11.741661312819463,1,0.89883673,1,0.6695403,0,0.19702731,10.553836459182154,7.861515437883537,2.3134279433958875,10.553836459182154,Predicted_Revenue_CC
54,638,12.030472314245657,1,0.737374,1,0.8770739,0,0.35833332,8.870957492244576,10.551613271497462,4.310919085531729,10.551613271497462,Predicted_Revenue_CL
243,1125,11.455295903097614,0,0.15087703,0,0.2545844,1,0.9203863,1.7283410236305357,2.916339634312564,10.543297411657171,10.543297411657171,Predicted_Revenue_MF
69,680,11.817200364247231,1,0.720378,1,0.8903272,1,0.63071334,8.512851163995691,10.521174912139218,7.453265911183588,10.521174912139218,Predicted_Revenue_CL
198,1307,11.151001350787809,0,0.057180863,1,0.58753663,1,0.9427721,0.6376238805522126,6.551621754767317,10.51285296058506,10.51285296058506,Predicted_Revenue_MF
289,1233,12.676880496321704,1,0.5444996,0,0.19111244,1,0.8282475,6.9025563594949695,2.422709563240452,10.499594578877211,10.499594578877211,Predicted_Revenue_MF
119,443,11.47547819218119,0,0.05097592,1,0.9123105,1,0.57938945,0.584973058286373,10.469199247247918,6.648770998254854,10.469199247247918,Predicted_Revenue_CL
255,825,12.001748478913893,0,0.17236264,1,0.8704113,1,0.59896845,2.068653052441583,10.446457495804465,7.188668683704912,10.446457495804465,Predicted_Revenue_CL
172,837,11.57812595239536,0,0.28951895,1,0.89924943,1,0.564713,3.3520868687052547,10.411623163159735,6.538318240955042,10.411623163159735,Predicted_Revenue_CL
293,1382,11.300368700343856,0,0.022310667,1,0.705028,1,0.91645914,0.25211876305059455,7.967076344066029,10.356326180800048,10.356326180800048,Predicted_Revenue_MF
142,744,10.69723673350251,0,0.026808435,1,0.96341115,1,0.668996,0.28677617564971436,10.305837143245897,7.156408585766246,10.305837143245897,Predicted_Revenue_CL
77,623,11.165021998100896,0,0.08101056,1,0.92171484,1,0.5268166,0.9044846844784724,10.290966464576048,5.88191892796472,10.290966464576048,Predicted_Revenue_CL
242,1208,12.101025455042029,0,0.018538542,1,0.8495746,0,0.3101452,0.22433536864136577,10.28072386055715,3.7530749599591013,10.28072386055715,Predicted_Revenue_CL
226,1017,11.030881839156445,1,0.9301163,0,0.44398353,1,0.5968162,10.260003001973388,4.897529857961571,6.583408981894361,10.260003001973388,Predicted_Revenue_CC
157,1301,11.10959802241923,1,0.92180693,1,0.77152157,0,0.30003437,10.240904446580341,8.57129450832578,3.3332612436097993,10.240904446580341,Predicted_Revenue_CC
130,38,11.192704219973312,1,0.685358,1,0.9135075,1,0.7427482,7.671009378792469,10.22461925022727,8.313360912517581,10.22461925022727,Predicted_Revenue_CL
212,1394,10.521056207175738,1,0.64905167,0,0.39873597,1,0.9718051,6.828709101431278,4.195123552192738,10.224416079520038,10.224416079520038,Predicted_Revenue_MF
225,343,11.18184771353649,1,0.91433954,1,0.6199329,0,0.22525717,10.224005494745006,6.931995280411045,2.5187913713222003,10.224005494745006,Predicted_Revenue_CC
207,1066,11.324215123328136,0,0.46831912,0,0.18264088,1,0.897774,5.303346461247724,2.0682646154339595,10.166585908130793,10.166585908130793,Predicted_Revenue_MF
12,932,10.646691083516012,1,0.8451607,1,0.9529779,0,0.1748245,8.998164888828152,10.146061310717815,1.861302445330145,10.146061310717815,Predicted_Revenue_CL
301,619,11.46442140889294,0,0.33770332,1,0.8839226,1,0.70632416,3.8715731716622233,10.133661179244312,8.097597821522323,10.133661179244312,Predicted_Revenue_CL
98,1535,11.1202273101646,0,0.021427626,1,0.8608479,1,0.90447414,0.23828007183719305,9.572824327477845,10.05795803296564,10.05795803296564,Predicted_Revenue_MF
66,40,11.618200310889373,0,0.21872672,1,0.582642,1,0.86505115,2.5412108463038128,6.769251465537206,10.05033753986521,10.05033753986521,Predicted_Revenue_MF
166,1061,10.972135120595114,0,0.025748994,1,0.9089523,1,0.8874618,0.2825214413873929,9.973147453775708,9.737350783966557,9.973147453775708,Predicted_Revenue_CL
300,481,11.525216965685589,0,0.21360223,1,0.8627211,0,0.21632662,2.461812045104275,9.943047858374934,2.4932112309534196,9.943047858374934,Predicted_Revenue_CL
317,621,11.940488857235511,1,0.83267975,1,0.58529794,1,0.82617,9.942603276520652,6.988743530732899,9.864873679182262,9.942603276520652,Predicted_Revenue_CC
38,943,11.26054993256101,0,0.19834547,1,0.8826725,1,0.7344957,2.233479068832282,9.939377760348458,8.270825505101351,9.939377760348458,Predicted_Revenue_CL
311,193,11.3639369906199,1,0.8727495,1,0.5723883,1,0.54524726,9.917870326595022,6.50458457536804,6.196155506948146,9.917870326595022,Predicted_Revenue_CC
206,405,13.19290766766508,0,0.20220369,1,0.75069183,1,0.5415073,2.667654612231173,9.90380800006053,7.144055810266615,9.90380800006053,Predicted_Revenue_CL
106,774,12.523432212897095,0,0.14111586,1,0.7900636,1,0.76769865,1.7672549068746768,9.894307938477445,9.614222003207614,9.894307938477445,Predicted_Revenue_CL
47,971,11.118011767531296,1,0.8893889,0,0.20722842,1,0.88469154,9.888236256111716,2.303968012126918,9.836010952355386,9.888236256111716,Predicted_Revenue_CC
203,106,11.656283905844152,0,0.05762582,1,0.6040069,1,0.847811,0.6717029182270721,7.040475907488818,9.882325714497636,9.882325714497636,Predicted_Revenue_MF
257,1128,11.439685120209708,1,0.64070094,0,0.19288571,1,0.8630053,7.3294170098223725,2.2065517865880846,9.872508889072115,9.872508889072115,Predicted_Revenue_MF
70,486,11.630658581134185,1,0.8485322,0,0.24109186,0,0.42479557,9.868988313298669,2.8040571103506013,4.940652241448287,9.868988313298669,Predicted_Revenue_CC
240,1053,11.996044218822751,1,0.53353417,0,0.48257083,1,0.8225707,6.400299495572895,5.788941015393997,9.867594490307983,9.867594490307983,Predicted_Revenue_MF
21,1142,11.89905417784385,1,0.82846147,0,0.0817316,0,0.096005894,9.857907915786157,0.9725287364418623,1.1423793340983337,9.857907915786157,Predicted_Revenue_CC
151,13,10.926499524281123,0,0.21652085,0,0.13551284,1,0.8998721,2.3658149645219444,1.4806809817939839,9.832452072563855,9.832452072563855,Predicted_Revenue_MF
274,758,11.271532690712109,1,0.6221399,1,0.87189037,0,0.059173636,7.012470221046362,9.827540808172076,0.666977572602299,9.827540808172076,Predicted_Revenue_CL
307,1334,10.991209806219311,1,0.8939185,1,0.5406986,1,0.5671914,9.825245783160858,5.942931754529053,6.23411967768326,9.825245783160858,Predicted_Revenue_CC
102,407,11.091061794493692,0,0.10371908,1,0.88516736,0,0.24587667,1.1503547255480349,9.817445888228843,2.7270333407943332,9.817445888228843,Predicted_Revenue_CL
246,371,11.54473291781119,0,0.041778147,1,0.8498863,0,0.08267191,0.48231754891605483,9.811710344006757,0.9544251207553242,9.811710344006757,Predicted_Revenue_CL
67,1023,10.96269539431219,0,0.44627833,0,0.27086186,1,0.89246994,4.892413392872336,2.9693760651168333,9.783876100800077,9.783876100800077,Predicted_Revenue_MF
145,812,11.588007431549563,1,0.7951498,1,0.8439712,0,0.39784628,9.21420179159515,9.779944537613803,4.610245649254348,9.779944537613803,Predicted_Revenue_CL
22,1379,11.019708275579324,0,0.013873052,1,0.8860944,1,0.70144284,0.1528769859319423,9.764501792624495,7.729695468793864,9.764501792624495,Predicted_Revenue_CL
259,877,11.539854444983735,0,0.05737246,1,0.67214763,1,0.84417915,0.6620698375506515,7.756485815740783,9.741704516490092,9.741704516490092,Predicted_Revenue_MF
231,645,11.586368605764452,1,0.84001994,1,0.6938096,1,0.55531746,9.73278066103214,8.038733767817993,6.4341127847768576,9.73278066103214,Predicted_Revenue_CC
236,892,11.661963234106008,1,0.8345452,1,0.68849045,0,0.37204945,9.732435439599644,8.0291503149331,4.338827007169361,9.732435439599644,Predicted_Revenue_CC
133,1575,11.631663359763916,0,0.0738526,1,0.671508,1,0.83590305,0.8590285814433006,7.810754999388347,9.722942878999904,9.722942878999904,Predicted_Revenue_MF
95,1567,12.001777001494428,0,0.1576027,1,0.7897209,1,0.80903375,1.8915124602334261,9.47805413521948,9.709842654182793,9.709842654182793,Predicted_Revenue_MF
51,1285,11.055730596092443,1,0.5080563,1,0.876921,0,0.25213003,5.616933580447522,9.695002330055981,2.7874816868647057,9.695002330055981,Predicted_Revenue_CL
288,1164,11.557757156727504,1,0.52371466,1,0.837592,1,0.6423284,6.052966859698111,9.680684932417703,7.423875662069327,9.680684932417703,Predicted_Revenue_CL
249,1216,10.141688836688658,0,0.28275588,0,0.19249359,1,0.95368475,2.867622151704078,1.9522100928371235,9.671973982795214,9.671973982795214,Predicted_Revenue_MF
184,937,11.418428040611373,1,0.70019513,0,0.30971643,1,0.84445983,7.995127706291525,3.536474768950049,9.642403802041914,9.642403802041914,Predicted_Revenue_MF
268,742,11.971370452314654,0,0.028043512,1,0.8050683,1,0.5863278,0.3357192709359314,9.63777085871519,7.019147300290655,9.63777085871519,Predicted_Revenue_CL
140,320,11.6274865341047,0,0.097460836,0,0.48475468,1,0.82545686,1.1332245581925864,5.636478514044232,9.597988524134347,9.597988524134347,Predicted_Revenue_MF
154,572,11.317311251766652,0,0.4976949,1,0.84635603,0,0.43481764,5.6325680917168786,9.578474621319554,4.920966569638622,9.578474621319554,Predicted_Revenue_CL
88,712,12.520625828886097,1,0.76430005,0,0.24117257,1,0.541159,9.569514947048935,3.01963150916084,6.77564935293417,9.569514947048935,Predicted_Revenue_CC
139,551,11.199282918027093,0,0.21315688,1,0.78419816,1,0.8499421,2.387204205043951,8.782457057636277,9.518742041842076,9.518742041842076,Predicted_Revenue_MF
314,1171,11.839897718219436,0,0.057081845,0,0.20575176,1,0.8037822,0.6758432063672556,2.4360797937436334,9.516699035725399,9.516699035725399,Predicted_Revenue_MF
260,1100,11.744435906818378,1,0.80890775,0,0.2820054,1,0.588825,9.500165224403665,3.3119943456766796,6.915417472832332,9.500165224403665,Predicted_Revenue_CC
165,743,10.691992869093388,0,0.060038354,1,0.88782984,0,0.30487117,0.6419296528401045,9.492670318248324,3.259680375632158,9.492670318248324,Predicted_Revenue_CL
159,845,11.98448075495648,0,0.040267784,1,0.78846073,1,0.6090546,0.48258848239274443,9.449292444723937,7.299203132417716,9.449292444723937,Predicted_Revenue_CL
39,1423,12.175335654758696,0,0.113473505,1,0.61452276,1,0.7754753,1.3815780112969391,7.4820208704887206,9.441672069474695,9.441672069474695,Predicted_Revenue_MF
310,162,11.99564496672661,0,0.18915203,1,0.78580827,0,0.332636,2.2690005966156206,9.426277018837645,3.9901833591520726,9.426277018837645,Predicted_Revenue_CL
190,218,12.070272810200663,0,0.3401526,1,0.77767533,0,0.34604055,4.105734679099062,9.386753390862829,4.176803841891883,9.386753390862829,Predicted_Revenue_CL
191,52,11.785623323944174,1,0.78760046,0,0.15742938,1,0.7963045,9.28236235132516,1.8554033728020705,9.384944888161703,9.384944888161703,Predicted_Revenue_MF
118,297,11.928516063870784,1,0.7863921,0,0.35984716,1,0.7751974,9.380490797351081,4.29244262859828,9.246954638570866,9.380490797351081,Predicted_Revenue_CC
158,108,11.757444273513322,1,0.79762745,0,0.07891819,1,0.5731199,9.378060294399534,0.9278762210915363,6.738425286291528,9.378060294399534,Predicted_Revenue_CC
265,1067,11.794379039166389,1,0.790845,1,0.7931168,0,0.11937977,9.327525691229543,9.35432016153072,1.4080102569885045,9.35432016153072,Predicted_Revenue_CL
312,1239,11.682189758549358,0,0.028910903,1,0.65196127,1,0.80045617,0.33774265493701394,7.616335271364833,9.351080871341644,9.351080871341644,Predicted_Revenue_MF
61,1523,11.63669552854265,0,0.17474024,0,0.42527026,1,0.8014092,2.033398969464469,4.94874053296417,9.325754854172942,9.325754854172942,Predicted_Revenue_MF
239,361,11.728008625278406,1,0.7525112,1,0.54577714,1,0.79508054,8.825457844218604,6.40087900539978,9.324711430911012,9.324711430911012,Predicted_Revenue_MF
13,1274,10.084793933597624,0,0.3592194,0,0.37950608,1,0.9238256,3.6226536259505786,3.827240613347415,9.316590806582186,9.316590806582186,Predicted_Revenue_MF
17,469,11.885351973895588,1,0.5417362,1,0.78340733,1,0.6284724,6.438725414000695,9.311071855979772,7.469615679878898,9.311071855979772,Predicted_Revenue_CL
113,1137,11.987230884513924,0,0.033004317,0,0.1878335,1,0.77633613,0.39563036806468793,2.251603532346346,9.306120434300016,9.306120434300016,Predicted_Revenue_MF
30,1477,11.2021480266258,1,0.83052564,1,0.62337846,0,0.084416434,9.303671159188129,6.98317778553003,0.945645389547887,9.303671159188129,Predicted_Revenue_CC
266,552,10.76779807412001,0,0.40806037,0,0.1650795,1,0.86389154,4.393911666210699,1.7775427221766942,9.302209660660571,9.302209660660571,Predicted_Revenue_MF
52,1084,11.473244169518033,0,0.10887696,1,0.8094696,1,0.6548504,1.249171946514848,9.287242368602094,7.513258533706552,9.287242368602094,Predicted_Revenue_CL
100,657,12.332705394788324,1,0.75246507,0,0.27226943,0,0.38896978,9.279930028178773,3.3578186681969417,4.7970497042156275,9.279930028178773,Predicted_Revenue_CC
53,998,9.99129646320433,0,0.13774866,1,0.9284216,1,0.71568567,1.3762876994691358,9.276135448442504,7.150627703437022,9.276135448442504,Predicted_Revenue_CL
205,997,12.281658470066452,1,0.7534714,1,0.52715135,1,0.55314493,9.253878401762828,6.474292842734465,6.793537114708815,9.253878401762828,Predicted_Revenue_CC
219,1046,11.68973646526464,0,0.15005666,0,0.31507125,1,0.79102874,1.754122810257818,3.6830998802815116,9.246917507050341,9.246917507050341,Predicted_Revenue_MF
189,205,11.03116658101126,0,0.3033759,1,0.83675605,0,0.2862513,3.3465900895642133,9.230395375218986,3.157685774331028,9.230395375218986,Predicted_Revenue_CL
1,1038,11.66744554159068,0,0.23933458,0,0.21027803,1,0.7900616,2.792423178369478,2.4534074636179715,9.218000692502,9.218000692502,Predicted_Revenue_MF
97,1453,11.098915529574247,1,0.78107345,0,0.3823116,1,0.8290115,8.669068243943133,4.243244154376377,9.201128611545641,9.201128611545641,Predicted_Revenue_MF
62,264,11.979126141493923,1,0.51701343,1,0.5718723,1,0.7677864,6.193369094816439,6.850530418526255,9.19741013532351,9.19741013532351,Predicted_Revenue_MF
116,800,11.76668281860983,1,0.7806644,0,0.32351255,0,0.0090713585,9.185830382580352,3.8066695636896535,0.10673979820340024,9.185830382580352,Predicted_Revenue_CC
163,1215,11.408495055663543,0,0.07695049,1,0.80427027,1,0.5254684,0.8778892846958869,9.175513398712182,5.994803643307432,9.175513398712182,Predicted_Revenue_CL
74,773,12.167554344871116,1,0.6157207,1,0.75270545,0,0.21272436,7.491815078512085,9.158584468555668,2.5883352107779274,9.158584468555668,Predicted_Revenue_CL
109,391,11.12624876923846,0,0.24831773,1,0.8208948,0,0.49029517,2.762844837792588,9.133479758174252,5.455146031776062,9.133479758174252,Predicted_Revenue_CL
247,653,11.671853382794572,1,0.7817401,0,0.09763596,1,0.7125805,9.124355830651167,1.1395926100083955,8.317135119438447,9.124355830651167,Predicted_Revenue_CC
123,251,11.550623789770734,1,0.7896608,1,0.7136583,0,0.35641512,9.12107482232939,8.24319853774734,4.116816964105991,9.12107482232939,Predicted_Revenue_CC
131,1577,11.812232179338595,0,0.08444264,0,0.19643062,1,0.772002,0.9974560695163044,2.3202840905714317,9.119066866913753,9.119066866913753,Predicted_Revenue_MF
19,1572,10.32439206610465,0,0.46728227,0,0.49860072,1,0.88184035,4.824405361019371,5.147749317722067,9.104465513110949,9.104465513110949,Predicted_Revenue_MF
121,989,10.325833612554296,1,0.51342213,0,0.1824184,1,0.88080066,5.301511487383222,1.8836220462683748,9.09500106098801,9.09500106098801,Predicted_Revenue_MF
89,1576,11.603445021563806,1,0.5253438,1,0.7826263,1,0.6158674,6.095797900719412,9.081161244479901,7.146183516473444,9.081161244479901,Predicted_Revenue_CL
0,1217,11.283204549706651,1,0.8042978,1,0.6366851,0,0.3076902,9.07505659627905,7.183848217050435,3.4717314645401496,9.07505659627905,Predicted_Revenue_CC
16,1116,9.425003046110662,0,0.095430255,1,0.962443,0,0.25747612,0.8994304440661173,9.071028206707885,2.426713215300754,9.071028206707885,Predicted_Revenue_CL
23,536,11.533460829364143,0,0.026379138,1,0.7828336,0,0.2780281,0.3042427548353912,9.028780661510119,3.206626200812537,9.028780661510119,Predicted_Revenue_CL
91,1184,12.895672626718804,0,0.4218828,1,0.6987818,1,0.5581181,5.440462475643484,9.011261330309294,7.197308304646308,9.011261330309294,Predicted_Revenue_CL
55,711,12.43334608850407,0,0.1135579,1,0.7241059,0,0.17345557,1.4119046717837365,9.003059259427719,2.156633132788744,9.003059259427719,Predicted_Revenue_CL
63,346,10.410532510574704,0,0.26244813,1,0.8626495,1,0.5393212,2.7322247897045364,8.980640664981014,5.614620886242162,8.980640664981014,Predicted_Revenue_CL
282,190,11.475932773985152,1,0.7812351,0,0.2957281,0,0.048618037,8.965401488277568,3.3937557949783583,0.5579373242151228,8.965401488277568,Predicted_Revenue_CC
284,1560,11.458614893052449,0,0.2692809,1,0.78137404,1,0.7632837,3.085586131154567,8.95346421178856,8.746173972444177,8.95346421178856,Predicted_Revenue_CL
10,328,12.605317734206375,0,0.19860409,1,0.7094738,0,0.40516776,2.5034676577629194,8.943142673094787,5.107268350456672,8.943142673094787,Predicted_Revenue_CL
267,1305,11.375873639207288,0,0.087962665,1,0.7857605,0,0.06390977,1.0006521620079216,8.938712158680339,0.7270294678308008,8.938712158680339,Predicted_Revenue_CL
220,885,11.301102185300374,0,0.13441497,1,0.79052186,1,0.5436274,1.5190373112040843,8.933768319573717,6.14358879812916,8.933768319573717,Predicted_Revenue_CL
9,308,11.597622920108106,1,0.7699953,0,0.20378803,1,0.5103706,8.930115139655518,2.3634567275716787,5.919085768309326,8.930115139655518,Predicted_Revenue_CC
90,1075,12.90513120915805,0,0.021442369,1,0.6915531,1,0.6856469,0.27671658538018307,8.924583493599998,8.848363207652469,8.924583493599998,Predicted_Revenue_CL
132,1286,10.403516075626568,1,0.81826586,1,0.8527606,1,0.6399853,8.512842028646398,8.871708610760956,6.658097356714691,8.871708610760956,Predicted_Revenue_CL
241,1481,11.554200501297275,1,0.7618448,1,0.7672621,0,0.13635586,8.802507570070722,8.8651001404464,1.5754829459668211,8.8651001404464,Predicted_Revenue_CL
281,1283,9.98499403086011,0,0.35622406,1,0.88692296,1,0.80854744,3.556895112748754,8.85592046143278,8.073341362067223,8.85592046143278,Predicted_Revenue_CL
218,76,9.766198398539204,1,0.903856,1,0.60064214,0,0.10980408,8.82723701971005,5.8659903057631615,1.0723684302490706,8.82723701971005,Predicted_Revenue_CC
122,805,11.202811591453385,1,0.7646569,1,0.7877494,1,0.52578694,8.566307182804811,8.82500810948045,5.890292026066805,8.82500810948045,Predicted_Revenue_CL
164,1328,9.186359664537392,0,0.05096954,1,0.57963985,1,0.95708305,0.4682245263760252,5.324780137998504,8.792109126132424,8.792109126132424,Predicted_Revenue_MF
75,589,11.59103311513962,1,0.75656515,1,0.522118,1,0.5714866,8.769371707410574,6.0518870280104675,6.624120105458549,8.769371707410574,Predicted_Revenue_CC
227,376,9.020531130359714,1,0.9713136,0,0.2744745,0,0.38128462,8.761764566141764,2.4759057717399173,3.4393897842373744,8.761764566141764,Predicted_Revenue_CC
169,814,11.747441494216767,1,0.745432,0,0.09884273,0,0.18962216,8.756918807916993,1.1611491878036646,2.227575230607011,8.756918807916993,Predicted_Revenue_CC
304,466,11.851218274360658,1,0.73801976,0,0.2343041,1,0.54089355,8.746433266551268,2.7767890316776267,6.410247524243809,8.746433266551268,Predicted_Revenue_CC
292,1580,9.301503982801002,1,0.9396101,1,0.81711805,0,0.18818009,8.739787087430047,7.600426796493588,1.750357856618851,8.739787087430047,Predicted_Revenue_CC
173,888,12.186201334550184,1,0.7166404,1,0.6321626,1,0.62822473,8.733124198872577,7.7036607197727145,7.655673043123429,8.733124198872577,Predicted_Revenue_CC
28,1542,12.026445462926471,0,0.09267088,1,0.72563094,1,0.70987016,1.1145012843214035,8.72676092612207,8.537214764998888,8.72676092612207,Predicted_Revenue_CL
186,597,11.132937069288392,1,0.7838452,1,0.5679526,1,0.606459,8.726499283663774,6.322980554138723,6.7516698821035686,8.726499283663774,Predicted_Revenue_CC
42,1352,11.920729619247382,0,0.013725889,0,0.16958557,1,0.73158824,0.16362261155280183,2.0215837272959503,8.721065601661062,8.721065601661062,Predicted_Revenue_MF
187,815,12.073295603266622,0,0.3148394,0,0.21997382,1,0.72155803,3.8011491437551013,2.655808953839763,8.711583391100724,8.711583391100724,Predicted_Revenue_MF
216,848,12.372914317283088,0,0.31057844,1,0.6982871,0,0.28519467,3.8427604269154467,8.639846457164088,3.5286892156558256,8.639846457164088,Predicted_Revenue_CL
111,65,11.052976164207893,1,0.77459735,0,0.30972028,0,0.49526995,8.561606046408599,3.423330872411795,5.474206952198435,8.561606046408599,Predicted_Revenue_CC
245,810,11.87725301775466,1,0.6868253,1,0.72031975,0,0.40105718,8.15759786709525,8.555419924435782,4.763457601447174,8.555419924435782,Predicted_Revenue_CL
183,295,12.56424953534043,0,0.40857962,0,0.2959446,1,0.6786503,5.133496300734569,3.7183218030365093,8.526731716433645,8.526731716433645,Predicted_Revenue_MF
271,8,10.740201768709747,1,0.7836708,1,0.7196294,1,0.70241195,8.416782512246183,7.728964954695534,7.544046067752863,8.416782512246183,Predicted_Revenue_CC
103,290,9.555840533701376,0,0.12200351,1,0.8797416,1,0.87539124,1.1658460861118412,8.406670440463303,8.36509909403911,8.406670440463303,Predicted_Revenue_CL
176,1245,13.627918259367686,0,0.48255455,1,0.61685914,0,0.31430614,6.576213963085957,8.406505937463848,4.283338384337377,8.406505937463848,Predicted_Revenue_CL
303,1378,10.74098148647665,1,0.54767007,0,0.45717132,1,0.7816768,5.882514082567371,4.910468684268093,8.39597603720831,8.39597603720831,Predicted_Revenue_MF
99,1581,10.23366466595972,0,0.06426822,0,0.18144628,1,0.82024187,0.6576994121581258,1.8568603844058338,8.394080242559728,8.394080242559728,Predicted_Revenue_MF
280,1531,11.027018425852496,1,0.5366666,1,0.76033354,1,0.7106275,5.917832486739611,8.384211955373656,7.836102536417495,8.384211955373656,Predicted_Revenue_CL
200,1608,11.683637171845076,0,0.13088919,1,0.5205703,1,0.7106406,1.5292618056766927,6.082154507638543,8.302866929982287,8.302866929982287,Predicted_Revenue_MF
114,1198,11.517100938228706,0,0.35670656,1,0.7204433,0,0.45986274,4.108225456848334,8.297418206370585,5.296285594310423,8.297418206370585,Predicted_Revenue_CL
137,136,11.626342170137429,0,0.07672745,1,0.7124168,1,0.6351564,0.8920595875421111,8.282801484554362,7.384545637952677,8.282801484554362,Predicted_Revenue_CL
59,636,11.887666737776309,0,0.36147553,0,0.051352467,1,0.6950734,4.297100634501062,0.6104610138586556,8.262800937493086,8.262800937493086,Predicted_Revenue_MF
253,745,12.25031594590465,0,0.38760594,1,0.6707725,0,0.26150715,4.74829522750936,8.217175052824325,3.2035452096130794,8.217175052824325,Predicted_Revenue_CL
290,560,11.457993219960883,1,0.5732416,0,0.089263655,1,0.71685344,6.568198366199529,1.0227823537789273,8.213701855225635,8.213701855225635,Predicted_Revenue_MF
11,1381,11.559810737794605,0,0.32612035,1,0.7102139,0,0.489641,3.7698895237433345,8.209938267350983,5.660157289464488,8.209938267350983,Predicted_Revenue_CL
308,1593,11.478381966184669,1,0.7138257,0,0.31370124,0,0.1114025,8.193564041879148,3.6007826559857685,1.2787204469878877,8.193564041879148,Predicted_Revenue_CC
264,1454,11.80586275939307,0,0.36826694,1,0.53868324,1,0.6938845,4.347708952461642,6.359620402225199,8.191905177870082,8.191905177870082,Predicted_Revenue_MF
237,1459,12.044697197634218,1,0.6793252,0,0.39411622,0,0.16774893,8.182266332722303,4.747010530576191,2.0204850670771384,8.182266332722303,Predicted_Revenue_CC
302,1418,11.512443691873516,0,0.04052501,1,0.7070375,1,0.53031975,0.4665418957376112,8.139729406793021,6.10527626056344,8.139729406793021,Predicted_Revenue_CL
73,1401,11.957830871603411,0,0.45116624,1,0.679081,0,0.07841654,5.394969592897234,8.120335746119316,0.9376917228563239,8.120335746119316,Predicted_Revenue_CL
120,1189,11.7089505481926,0,0.43454346,0,0.4269968,1,0.69250417,5.088047884180509,4.999684415436486,8.108497080947162,8.108497080947162,Predicted_Revenue_MF
162,1318,11.986530247971473,0,0.12385418,1,0.67460704,1,0.61204815,1.4845818749077033,8.086197690454501,7.336333663189981,8.086197690454501,Predicted_Revenue_CL
50,256,12.29633602266791,0,0.056330945,0,0.28270963,1,0.6565681,0.6926642281944249,3.4762926073241163,8.073381979364626,8.073381979364626,Predicted_Revenue_MF
36,79,10.826496141447429,0,0.18242368,0,0.045886997,1,0.74290717,1.9750092676286406,0.49679539596310973,8.043081609458628,8.043081609458628,Predicted_Revenue_MF
40,1311,11.418572808238174,1,0.6129026,0,0.45883515,1,0.70286816,6.998472962458478,5.239242567253884,8.025751259552399,8.025751259552399,Predicted_Revenue_MF
107,1272,10.592114779266598,1,0.55076194,0,0.37079072,1,0.75423664,5.833733684531544,3.9274578653269034,7.988961061608381,7.988961061608381,Predicted_Revenue_MF
175,646,10.893734320721752,1,0.70263666,1,0.73241806,0,0.18951517,7.6543370980393,7.978767757338443,2.0645279117264175,7.978767757338443,Predicted_Revenue_CL
46,1019,9.855556852839358,0,0.2833338,1,0.80697316,1,0.80214787,2.7924123742310165,7.953169857095432,7.905613937168995,7.953169857095432,Predicted_Revenue_CL
48,1439,11.4094892746564,0,0.16467848,0,0.39246053,1,0.69446117,1.8788973513267182,4.477774207760966,7.9234472707803345,7.9234472707803345,Predicted_Revenue_MF
34,1556,11.53795808523472,0,0.45422396,1,0.68624264,0,0.4915922,5.240817011789332,7.91783881662082,5.6719701986283235,7.91783881662082,Predicted_Revenue_CL
49,1015,9.999908324852438,1,0.62097955,1,0.78943104,0,0.2520057,6.2097385716081215,7.894238028792918,2.520033897340266,7.894238028792918,Predicted_Revenue_CL
128,869,11.189275624838547,0,0.026774425,1,0.7042745,0,0.33338547,0.29958642102156785,7.880321496045356,3.730341913146343,7.880321496045356,Predicted_Revenue_CL
161,1202,11.5774454555139,0,0.07397469,0,0.28694442,1,0.6802918,0.8564379385635494,3.3220833713140716,7.876041208333371,7.876041208333371,Predicted_Revenue_MF
232,17,9.760787755859573,0,0.10816771,1,0.8062448,1,0.5234858,1.0558020593473691,7.86958437206545,5.109633787006353,7.86958437206545,Predicted_Revenue_CL
179,1605,11.19549139662149,1,0.7006333,0,0.18972206,1,0.5631229,7.843934082336523,2.124031690479306,6.304437582190544,7.843934082336523,Predicted_Revenue_CC
269,988,11.918767716845704,0,0.25019908,1,0.6575979,1,0.5393328,2.9820647174884956,7.8377566211855285,6.428182365276,7.8377566211855285,Predicted_Revenue_CL
20,661,11.298017812918202,1,0.6913189,0,0.1303138,1,0.5896336,7.810533246607017,1.47228763366906,6.661690915895085,7.810533246607017,Predicted_Revenue_CC
250,1464,11.28895070334133,0,0.24682935,0,0.4048892,1,0.69036245,2.7864443642877834,4.570774219115308,7.793467665487944,7.793467665487944,Predicted_Revenue_MF
171,719,11.503333811966217,0,0.10201037,0,0.025774684,1,0.6720692,1.1734593383921843,0.29649479394994466,7.731036352341086,7.731036352341086,Predicted_Revenue_MF
117,202,10.65287776266505,1,0.72298455,0,0.13913897,1,0.6020843,7.701866035445397,1.4822304394331194,6.413930450719753,7.701866035445397,Predicted_Revenue_CC
101,1256,9.614896137741033,0,0.26408455,1,0.79671466,0,0.33108178,2.5391455198320783,7.66032870731566,3.183316927798426,7.66032870731566,Predicted_Revenue_CL
65,755,10.581452195435345,0,0.09320615,0,0.39804903,1,0.72384626,0.986256420545576,4.211936782384409,7.659344597034663,7.659344597034663,Predicted_Revenue_MF
235,879,11.29448413090609,0,0.29542893,1,0.6493259,1,0.67576593,3.336717361695566,7.333801073336315,7.632427572591995,7.632427572591995,Predicted_Revenue_MF
78,1068,8.701868432472299,0,0.03826592,0,0.39937335,1,0.87585884,0.3329850012875104,3.475294347135711,7.621608391097807,7.621608391097807,Predicted_Revenue_MF
85,1375,12.07579590913982,1,0.627075,0,0.22807245,0,0.22922419,7.5724297197238535,2.754156358697496,2.768064535877889,7.5724297197238535,Predicted_Revenue_CC
96,698,12.274582449703905,0,0.06259095,0,0.16794118,1,0.6148987,0.7682777763802947,2.0614078606105646,7.547624791365747,7.547624791365747,Predicted_Revenue_MF
181,1351,10.748617546317323,1,0.6995613,0,0.41140285,1,0.6278419,7.519316863904558,4.422011892114954,6.748432462653206,7.519316863904558,Predicted_Revenue_CC
252,1099,11.888751088426211,1,0.6311067,0,0.070059635,0,0.21418121,7.503070466538075,0.832921561860993,2.546347093507943,7.503070466538075,Predicted_Revenue_CC
2,1219,11.16919058364308,0,0.17194733,1,0.6657029,0,0.43439123,1.9205124991185691,7.43536256218389,4.851798435733135,7.43536256218389,Predicted_Revenue_CL
160,250,13.659762744094843,0,0.05811686,1,0.543235,0,0.24777427,0.7938625190317758,7.420461214288363,3.3845377422912963,7.420461214288363,Predicted_Revenue_CL
167,1451,11.794731400015058,0,0.23756666,0,0.40871468,1,0.62843436,2.8020349442987014,4.820679869843106,7.412214478740367,7.412214478740367,Predicted_Revenue_MF
5,191,10.931915221352575,0,0.41246036,1,0.6778728,1,0.63443696,4.508981687688563,7.410447980460891,6.935611060012656,7.410447980460891,Predicted_Revenue_CL
221,716,11.609211125526404,1,0.6298849,1,0.5449852,1,0.516248,7.3124667888810855,6.326848247087232,5.993232025130755,7.3124667888810855,Predicted_Revenue_CC
170,508,11.922997401750289,1,0.60926783,0,0.21249326,1,0.61289936,7.264298754060036,2.5335565868694485,7.307597476814415,7.307597476814415,Predicted_Revenue_MF
18,262,11.745994038128336,0,0.14586923,0,0.27525938,1,0.6143807,1.7133791059263708,3.233195036418902,7.216512039341113,7.216512039341113,Predicted_Revenue_MF
222,72,11.11029798170616,1,0.5669332,0,0.41747358,1,0.64842016,6.298796787722215,4.638255873289645,7.204141194945585,7.204141194945585,Predicted_Revenue_MF
58,722,11.296439199119384,1,0.6373203,0,0.4541667,1,0.5684978,7.199450019314525,5.130466512814693,6.422000832533132,7.199450019314525,Predicted_Revenue_CC
27,253,9.50711400123808,1,0.7563383,0,0.3950863,0,0.38126424,7.190594441602607,3.756130494427348,3.6247225942753953,7.190594441602607,Predicted_Revenue_CC
108,751,11.8989531480399,1,0.6019674,0,0.45988986,0,0.27073133,7.162781889247394,5.472207897398628,3.221419411376529,7.162781889247394,Predicted_Revenue_CC
315,195,10.34032672718847,1,0.6470325,1,0.69255906,0,0.45816264,6.690527453109574,7.161286958274523,4.7375513917912295,7.161286958274523,Predicted_Revenue_CL
199,789,10.585321912853471,1,0.5372119,1,0.67553085,0,0.11147358,5.686560896915648,7.150711509313532,1.1799837290782245,7.150711509313532,Predicted_Revenue_CL
316,573,11.864902760442344,0,0.0988125,0,0.16666265,1,0.59952426,1.1724007040162092,1.9774361360476362,7.113297047426154,7.113297047426154,Predicted_Revenue_MF
4,1048,12.568632421657522,0,0.21823195,0,0.30599606,1,0.56490356,2.7428771622115433,3.8459520006154606,7.100065199325755,7.100065199325755,Predicted_Revenue_MF
168,337,12.047260543902285,1,0.587556,0,0.4837809,0,0.10992625,7.078440216133051,5.828234548463537,1.3243101743641386,7.078440216133051,Predicted_Revenue_CC
296,1402,11.600545419747354,1,0.56519735,0,0.28963876,1,0.6085732,6.556597529795843,3.359967590699303,7.059781047840991,7.059781047840991,Predicted_Revenue_MF
43,436,11.666372479877388,0,0.023720587,1,0.6049954,0,0.34437272,0.27673320338333735,7.058101685012412,4.017580423428522,7.058101685012412,Predicted_Revenue_CL
270,35,10.774098152458237,0,0.40530565,1,0.64736265,1,0.5624914,4.366802854845885,6.974748731335469,6.060337553513647,6.974748731335469,Predicted_Revenue_CL
136,1490,8.481072947158616,1,0.8127482,0,0.18232426,0,0.04244449,6.892976771871861,1.5463053490967136,0.3599748158949444,6.892976771871861,Predicted_Revenue_CC
76,1022,7.207903530055746,1,0.72698355,0,0.057914253,1,0.930226,5.240027296337458,0.41744034863924157,6.704979269149637,6.704979269149637,Predicted_Revenue_MF
115,1533,11.464190073491674,0,0.14300148,1,0.58094376,0,0.2110777,1.639396147510618,6.66004968664893,2.4198348730754535,6.66004968664893,Predicted_Revenue_CL
84,242,11.818358458833773,1,0.5618913,0,0.22850849,0,0.4179966,6.640632798300105,2.7005952457068325,4.9400336533737566,6.640632798300105,Predicted_Revenue_CC
110,918,11.56923060921254,0,0.39300808,0,0.28779316,1,0.57186264,4.54680110880385,3.3295454357940018,6.616010758953091,6.616010758953091,Predicted_Revenue_MF
223,139,8.233914496319521,1,0.75079644,0,0.23238352,1,0.7974576,6.1819936911010895,1.9134260340337574,6.5661976928401735,6.5661976928401735,Predicted_Revenue_MF
213,763,7.162440814118971,1,0.9041235,0,0.49241444,0,0.3961092,6.475731057404093,3.526889282517537,2.837108700928014,6.475731057404093,Predicted_Revenue_CC
230,784,12.4500590504618,0,0.052669395,0,0.3987664,1,0.5090615,0.6557370779020975,4.96466522734007,6.337845735316659,6.337845735316659,Predicted_Revenue_MF
204,81,11.629210630489387,0,0.24544209,0,0.065591335,1,0.53741765,2.854297762197533,0.7627754502499906,6.249743048392625,6.249743048392625,Predicted_Revenue_MF
149,602,6.321311203772577,0,0.23431908,0,0.087335125,1,0.9841839,1.4812038256616828,0.5520725041453785,6.22133271364259,6.22133271364259,Predicted_Revenue_MF
33,370,11.628208771196425,0,0.010480508,1,0.5345893,1,0.52782416,0.12186953505219429,6.216315987247757,6.137649526961385,6.216315987247757,Predicted_Revenue_CL
276,321,11.406712895471646,1,0.5107327,1,0.5118914,1,0.5428674,5.825781275229052,5.838998233461035,6.192332572111164,6.192332572111164,Predicted_Revenue_MF
178,1106,11.526656516812816,0,0.4738333,0,0.23026669,1,0.5340242,5.461713695327922,2.6542050428934165,6.15551352506575,6.15551352506575,Predicted_Revenue_MF
291,934,8.793403157805624,1,0.69326097,1,0.62264717,0,0.06121806,6.09612320278139,5.475187590876735,0.5383150821187341,6.09612320278139,Predicted_Revenue_CC
129,1437,11.520256068020965,0,0.3781326,0,0.46561122,1,0.50846726,4.356184379666544,5.363960482543645,5.857673037404993,5.857673037404993,Predicted_Revenue_MF
64,1361,11.962544449430526,0,0.025642809,0,0.48932946,0,0.13907646,0.30675324247075714,5.853625415665837,1.6637083346194468,5.853625415665837,Predicted_Revenue_CL
35,981,11.636555494689182,0,0.15314382,0,0.37787965,0,0.4934672,1.7820665600986911,4.397217517538725,5.7422584576088855,5.7422584576088855,Predicted_Revenue_MF
202,1193,10.249903948041595,0,0.29197955,0,0.0935534,1,0.5577458,2.992762342292408,0.9589133640127145,5.716840877423618,5.716840877423618,Predicted_Revenue_MF
193,1602,11.667443010592466,0,0.482113,0,0.30659992,0,0.13907646,5.625025952165766,3.5772370936522093,1.622666671164943,5.625025952165766,Predicted_Revenue_CC
182,1327,11.719790313404012,0,0.23962635,0,0.13495113,0,0.45571467,2.8083705755663595,1.5815989461569255,5.340880375142105,5.340880375142105,Predicted_Revenue_MF
215,702,9.559695327374447,0,0.23172735,0,0.29588082,1,0.53775525,2.2152428650198632,2.82853049241372,5.140776350696078,5.140776350696078,Predicted_Revenue_MF
29,631,11.857849923373577,0,0.15147279,0,0.08615189,0,0.37426406,1.7961416112946818,1.0215761822349887,4.437967055192484,4.437967055192484,Predicted_Revenue_MF
287,31,8.859049224075946,0,0.09873885,0,0.081912234,0,0.4768382,0.8747323324786512,0.7256645130600273,4.2243330857197705,4.2243330857197705,Predicted_Revenue_MF
147,114,7.975277876169693,0,0.11338691,1,0.5276604,0,0.2905126,0.9042921147702441,4.208238314250851,2.316918711528536,4.208238314250851,Predicted_Revenue_CL
233,549,11.335072927391083,0,0.342309,0,0.34860918,0,0.28696007,3.880097478702314,3.9515104784580055,3.2527133206992502,3.9515104784580055,Predicted_Revenue_CL
7,186,11.774642675184008,0,0.09300255,0,0.28207096,0,0.3336069,1.0950717941309345,3.3212847630461213,3.9281020414758436,3.9281020414758436,Predicted_Revenue_MF
188,1429,4.812786650961865,0,0.063741595,1,0.80277973,0,0.38933134,0.3067746975270175,3.86360756820677,1.8737686759530952,3.86360756820677,Predicted_Revenue_CL
8,363,11.805413584604093,0,0.17715843,0,0.2808253,0,0.3143433,2.091428536149133,3.3152588115205197,3.71095266404928,3.71095266404928,Predicted_Revenue_MF
262,913,9.7563149675723,0,0.29654378,0,0.11240489,0,0.08168252,2.8931745193544667,1.0966575107353178,0.7969203924650237,2.8931745193544667,Predicted_Revenue_CC
209,493,10.344050178455364,0,0.13854012,0,0.26494154,0,0.21729198,1.4330659530092273,2.7405685841172387,2.2476791444959194,2.7405685841172387,Predicted_Revenue_CL
94,198,11.448071829920831,0,0.22004166,0,0.22562905,0,0.13307364,2.5190527292550176,2.5830175713167987,1.5234365893890258,2.5830175713167987,Predicted_Revenue_CL
